user,text,metrics,title,score,conf,timestamp,逸脱度スコア,逸脱度確信度,発言無効度スコア,発言無効度確信度,威圧度スコア,威圧度確信度,偏り度スコア,偏り度確信度
名称未設定,やめられた。,"[{'指標': '逸脱度', 'スコア': 9, '確信度': 0.8003828956417038}, {'指標': '発言無効度', 'スコア': 9, '確信度': 0.5000906455966042}, {'指標': '威圧度', 'スコア': 3, '確信度': 0.5317629503888933}, {'指標': '偏り度', 'スコア': 7, '確信度': 0.0}]",総合(平均),7,0.46,2025-12-11T17:03:39.092758,9,0.8003828956417038,9,0.5000906455966042,3,0.5317629503888933,7,0.0
名称未設定,あ。,"[{'指標': '逸脱度', 'スコア': 9, '確信度': 0.9505957869498485}, {'指標': '発言無効度', 'スコア': 9, '確信度': 0.6101125207528797}, {'指標': '偏り度', 'スコア': 7, '確信度': 0.21502423099332918}, {'指標': '威圧度', 'スコア': 1, '確信度': 0.5158328819801528}]",総合(平均),6,0.57,2025-12-11T17:03:55.256184,9,0.9505957869498485,9,0.6101125207528797,1,0.5158328819801528,7,0.21502423099332918
名称未設定,主催者。,"[{'指標': '威圧度', 'スコア': 3, '確信度': 0.3800279104901194}, {'指標': '偏り度', 'スコア': 7, '確信度': 0.0}, {'指標': '発言無効度', 'スコア': 9, '確信度': 0.5842059529925712}, {'指標': '逸脱度', 'スコア': 9, '確信度': 0.8990890100093223}]",総合(平均),7,0.47,2025-12-11T17:04:05.078557,9,0.8990890100093223,9,0.5842059529925712,3,0.3800279104901194,7,0.0
名称未設定,し。,"[{'指標': '逸脱度', 'スコア': 9, '確信度': 0.9047282804006054}, {'指標': '威圧度', 'スコア': 1, '確信度': 0.7250898796762831}, {'指標': '発言無効度', 'スコア': 7, '確信度': 0.0}, {'指標': '偏り度', 'スコア': 7, '確信度': 0.3024681704897505}]",総合(平均),6,0.48,2025-12-11T17:04:08.798359,9,0.9047282804006054,7,0.0,1,0.7250898796762831,7,0.3024681704897505
名称未設定,SCテレス。,"[{'指標': '逸脱度', 'スコア': 9, '確信度': 0.9333687442658487}, {'指標': '偏り度', 'スコア': 9, '確信度': 0.43022763892112287}, {'指標': '威圧度', 'スコア': 3, '確信度': 0.26915146167316595}, {'指標': '発言無効度', 'スコア': 9, '確信度': 0.2708208884194453}]",総合(平均),8,0.48,2025-12-11T17:04:12.871850,9,0.9333687442658487,9,0.2708208884194453,3,0.26915146167316595,9,0.43022763892112287
名称未設定,ちょっと山。,"[{'指標': '発言無効度', 'スコア': 9, '確信度': 0.1890094856910962}, {'指標': '逸脱度', 'スコア': 9, '確信度': 0.5417847580785906}, {'指標': '威圧度', 'スコア': 3, '確信度': 0.7851918533910979}, {'指標': '偏り度', 'スコア': 7, '確信度': 0.5374427360724463}]",総合(平均),7,0.51,2025-12-11T17:04:21.766609,9,0.5417847580785906,9,0.1890094856910962,3,0.7851918533910979,7,0.5374427360724463
名称未設定,内容としては,"[{'指標': '威圧度', 'スコア': 3, '確信度': 0.0}, {'指標': '偏り度', 'スコア': 7, '確信度': 0.637007158477374}, {'指標': '発言無効度', 'スコア': 7, '確信度': 0.12024579382463879}, {'指標': '逸脱度', 'スコア': 9, '確信度': 0.8598043922001863}]",総合(平均),6,0.4,2025-12-11T17:04:30.931359,9,0.8598043922001863,7,0.12024579382463879,3,0.0,7,0.637007158477374
名称未設定,助かりました。,"[{'指標': '偏り度', 'スコア': 1, '確信度': 0.8052778743283839}, {'指標': '威圧度', 'スコア': 1, '確信度': 0.9399904788088367}, {'指標': '逸脱度', 'スコア': 9, '確信度': 0.472075444654529}, {'指標': '発言無効度', 'スコア': 7, '確信度': 0.2989032822815644}]",総合(平均),4,0.63,2025-12-11T17:04:37.681587,9,0.472075444654529,7,0.2989032822815644,1,0.9399904788088367,1,0.8052778743283839
名称未設定,ちょっとお話の途中で。,"[{'指標': '偏り度', 'スコア': 7, '確信度': 0.47623523811821095}, {'指標': '威圧度', 'スコア': 3, '確信度': 0.815579737383632}, {'指標': '逸脱度', 'スコア': 7, '確信度': 0.234332413112039}, {'指標': '発言無効度', 'スコア': 7, '確信度': 0.11465221493189182}]",総合(平均),6,0.41,2025-12-11T17:04:42.424723,7,0.234332413112039,7,0.11465221493189182,3,0.815579737383632,7,0.47623523811821095
名称未設定,そうして。,"[{'指標': '逸脱度', 'スコア': 7, '確信度': 0.418472289750927}, {'指標': '偏り度', 'スコア': 7, '確信度': 0.5666043571529265}, {'指標': '発言無効度', 'スコア': 7, '確信度': 0.6146034687675159}, {'指標': '威圧度', 'スコア': 1, '確信度': 0.5704892788100437}]",総合(平均),6,0.54,2025-12-11T17:04:44.593880,7,0.418472289750927,7,0.6146034687675159,1,0.5704892788100437,7,0.5666043571529265
名称未設定,ちょっとシステム,"[{'指標': '威圧度', 'スコア': 3, '確信度': 0.11459901244360271}, {'指標': '偏り度', 'スコア': 3, '確信度': 0.2714795318824489}, {'指標': '発言無効度', 'スコア': 7, '確信度': 0.2696904265963114}, {'指標': '逸脱度', 'スコア': 3, '確信度': 0.3391847630639748}]",総合(平均),4,0.25,2025-12-11T17:04:49.063751,3,0.3391847630639748,7,0.2696904265963114,3,0.11459901244360271,3,0.2714795318824489
名称未設定,現状。,"[{'指標': '偏り度', 'スコア': 7, '確信度': 0.23677966471385423}, {'指標': '逸脱度', 'スコア': 3, '確信度': 0.5400828078440288}, {'指標': '威圧度', 'スコア': 3, '確信度': 0.11478531213238502}, {'指標': '発言無効度', 'スコア': 7, '確信度': 0.6280269619190407}]",総合(平均),5,0.38,2025-12-11T17:04:52.123537,3,0.5400828078440288,7,0.6280269619190407,3,0.11478531213238502,7,0.23677966471385423
名称未設定,見てみたいと。,"[{'指標': '威圧度', 'スコア': 1, '確信度': 0.32630250429378266}, {'指標': '偏り度', 'スコア': 1, '確信度': 0.24128589006516465}, {'指標': '逸脱度', 'スコア': 9, '確信度': 0.09264993539023736}, {'指標': '発言無効度', 'スコア': 7, '確信度': 0.2826116790979483}]",総合(平均),4,0.24,2025-12-11T17:04:55.395211,9,0.09264993539023736,7,0.2826116790979483,1,0.32630250429378266,1,0.24128589006516465
名称未設定,USアラブ。,"[{'指標': '逸脱度', 'スコア': 7, '確信度': 0.007014270962504673}, {'指標': '威圧度', 'スコア': 1, '確信度': 0.08628910764454939}, {'指標': '発言無効度', 'スコア': 9, '確信度': 0.39688628418217087}, {'指標': '偏り度', 'スコア': 7, '確信度': 0.0}]",総合(平均),6,0.12,2025-12-11T17:05:04.233613,7,0.007014270962504673,9,0.39688628418217087,1,0.08628910764454939,7,0.0
名称未設定,聞いています。,"[{'指標': '逸脱度', 'スコア': 9, '確信度': 0.6965351246437206}, {'指標': '発言無効度', 'スコア': 7, '確信度': 0.6118581659421716}, {'指標': '威圧度', 'スコア': 1, '確信度': 0.44193960971654733}, {'指標': '偏り度', 'スコア': 7, '確信度': 0.5963491240550812}]",総合(平均),6,0.59,2025-12-11T17:05:06.535729,9,0.6965351246437206,7,0.6118581659421716,1,0.44193960971654733,7,0.5963491240550812
名称未設定,未来の。,"[{'指標': '威圧度', 'スコア': 3, '確信度': 0.46087539506079767}, {'指標': '逸脱度', 'スコア': 9, '確信度': 0.7100944398249662}, {'指標': '偏り度', 'スコア': 7, '確信度': 0.2444681467908083}, {'指標': '発言無効度', 'スコア': 7, '確信度': 0.37224993172007076}]",総合(平均),6,0.45,2025-12-11T17:05:17.772716,9,0.7100944398249662,7,0.37224993172007076,3,0.46087539506079767,7,0.2444681467908083
名称未設定,その中で、,"[{'指標': '威圧度', 'スコア': 3, '確信度': 0.6744341438700859}, {'指標': '発言無効度', 'スコア': 7, '確信度': 0.690699187699395}, {'指標': '偏り度', 'スコア': 7, '確信度': 0.28245225605205837}, {'指標': '逸脱度', 'スコア': 7, '確信度': 0.681199169565731}]",総合(平均),6,0.58,2025-12-11T17:05:23.866798,7,0.681199169565731,7,0.690699187699395,3,0.6744341438700859,7,0.28245225605205837
名称未設定,同じような。,"[{'指標': '逸脱度', 'スコア': 7, '確信度': 0.21430794832579902}, {'指標': '威圧度', 'スコア': 3, '確信度': 0.8021015882139917}, {'指標': '発言無効度', 'スコア': 7, '確信度': 0.40934702534403583}, {'指標': '偏り度', 'スコア': 1, '確信度': 0.0}]",総合(平均),4,0.36,2025-12-11T17:05:28.597518,7,0.21430794832579902,7,0.40934702534403583,3,0.8021015882139917,1,0.0
名称未設定,話してほしいです。,"[{'指標': '逸脱度', 'スコア': 9, '確信度': 0.8797554298146362}, {'指標': '偏り度', 'スコア': 7, '確信度': 0.23978653918667955}, {'指標': '威圧度', 'スコア': 3, '確信度': 0.1142075087284985}, {'指標': '発言無効度', 'スコア': 7, '確信度': 0.3916631077407584}]",総合(平均),6,0.41,2025-12-11T17:05:36.114259,9,0.8797554298146362,7,0.3916631077407584,3,0.1142075087284985,7,0.23978653918667955
名称未設定,えっと,"[{'指標': '威圧度', 'スコア': 3, '確信度': 0.19996039069721755}, {'指標': '逸脱度', 'スコア': 7, '確信度': 0.2290709977805757}, {'指標': '偏り度', 'スコア': 7, '確信度': 0.39129090536912364}, {'指標': '発言無効度', 'スコア': 7, '確信度': 0.1985016906741251}]",総合(平均),6,0.25,2025-12-11T17:05:37.891219,7,0.2290709977805757,7,0.1985016906741251,3,0.19996039069721755,7,0.39129090536912364
名称未設定,場ではい。,"[{'指標': '威圧度', 'スコア': 1, '確信度': 0.8540176058301443}, {'指標': '偏り度', 'スコア': 7, '確信度': 0.0767132041742502}, {'指標': '発言無効度', 'スコア': 9, '確信度': 0.310914289468451}, {'指標': '逸脱度', 'スコア': 9, '確信度': 0.4690680053362615}]",総合(平均),6,0.43,2025-12-11T17:05:39.593279,9,0.4690680053362615,9,0.310914289468451,1,0.8540176058301443,7,0.0767132041742502
名称未設定,なんかその。,"[{'指標': '発言無効度', 'スコア': 7, '確信度': 0.6253246326898978}, {'指標': '威圧度', 'スコア': 3, '確信度': 0.9332226604324282}, {'指標': '偏り度', 'スコア': 7, '確信度': 0.20182649471154407}, {'指標': '逸脱度', 'スコア': 7, '確信度': 0.0}]",総合(平均),6,0.44,2025-12-11T17:05:45.368996,7,0.0,7,0.6253246326898978,3,0.9332226604324282,7,0.20182649471154407
名称未設定,それでいい会議になって。,"[{'指標': '逸脱度', 'スコア': 7, '確信度': 0.31818046852357734}, {'指標': '発言無効度', 'スコア': 7, '確信度': 0.09682941043727977}, {'指標': '偏り度', 'スコア': 1, '確信度': 0.9606778747232033}, {'指標': '威圧度', 'スコア': 1, '確信度': 0.9024037942970147}]",総合(平均),4,0.57,2025-12-11T17:05:57.453363,7,0.31818046852357734,7,0.09682941043727977,1,0.9024037942970147,1,0.9606778747232033
名称未設定,そういうような。,"[{'指標': '発言無効度', 'スコア': 7, '確信度': 0.5057159059942192}, {'指標': '威圧度', 'スコア': 3, '確信度': 0.8638918438865826}, {'指標': '逸脱度', 'スコア': 9, '確信度': 0.09811020840112777}, {'指標': '偏り度', 'スコア': 3, '確信度': 0.09986273813493851}]",総合(平均),6,0.39,2025-12-11T17:06:02.163714,9,0.09811020840112777,7,0.5057159059942192,3,0.8638918438865826,3,0.09986273813493851
名称未設定,我々でやる。,"[{'指標': '偏り度', 'スコア': 3, '確信度': 0.06548367437711136}, {'指標': '発言無効度', 'スコア': 7, '確信度': 0.26326118904616974}, {'指標': '逸脱度', 'スコア': 7, '確信度': 0.0}, {'指標': '威圧度', 'スコア': 3, '確信度': 0.4962851386955988}]",総合(平均),5,0.21,2025-12-11T17:06:10.104149,7,0.0,7,0.26326118904616974,3,0.4962851386955988,3,0.06548367437711136
名称未設定,言われていました。,"[{'指標': '偏り度', 'スコア': 7, '確信度': 0.0}, {'指標': '威圧度', 'スコア': 3, '確信度': 0.6591615468230032}, {'指標': '発言無効度', 'スコア': 9, '確信度': 0.45303499149998905}, {'指標': '逸脱度', 'スコア': 7, '確信度': 0.0}]",総合(平均),6,0.28,2025-12-11T17:06:17.272977,7,0.0,9,0.45303499149998905,3,0.6591615468230032,7,0.0
名称未設定,ミーティングホールはカメラ。,"[{'指標': '威圧度', 'スコア': 3, '確信度': 0.8258959214096204}, {'指標': '偏り度', 'スコア': 7, '確信度': 0.40559579838539994}, {'指標': '逸脱度', 'スコア': 7, '確信度': 0.17760665417792731}, {'指標': '発言無効度', 'スコア': 7, '確信度': 0.08629373667715678}]",総合(平均),6,0.37,2025-12-11T17:06:23.463346,7,0.17760665417792731,7,0.08629373667715678,3,0.8258959214096204,7,0.40559579838539994
名称未設定,表情を決めてやってた。,"[{'指標': '逸脱度', 'スコア': 9, '確信度': 0.22584791989145847}, {'指標': '威圧度', 'スコア': 3, '確信度': 0.7568174360574703}, {'指標': '偏り度', 'スコア': 7, '確信度': 0.12166678144086598}, {'指標': '発言無効度', 'スコア': 8, '確信度': 0.0}]",総合(平均),7,0.28,2025-12-11T17:06:26.100662,9,0.22584791989145847,8,0.0,3,0.7568174360574703,7,0.12166678144086598
名称未設定,音声もしかも。,"[{'指標': '偏り度', 'スコア': 7, '確信度': 0.18558817871450659}, {'指標': '逸脱度', 'スコア': 9, '確信度': 0.7742372536070513}, {'指標': '発言無効度', 'スコア': 7, '確信度': 0.09103626996852232}, {'指標': '威圧度', 'スコア': 3, '確信度': 0.8156099814600352}]",総合(平均),6,0.47,2025-12-11T17:06:31.039147,9,0.7742372536070513,7,0.09103626996852232,3,0.8156099814600352,7,0.18558817871450659
名称未設定,テキストを入力として。,"[{'指標': '威圧度', 'スコア': 1, '確信度': 0.11231655306670099}, {'指標': '逸脱度', 'スコア': 9, '確信度': 0.23684701764081662}, {'指標': '発言無効度', 'スコア': 7, '確信度': 0.5689200564890176}, {'指標': '偏り度', 'スコア': 7, '確信度': 0.23424100417373786}]",総合(平均),6,0.29,2025-12-11T17:06:35.566678,9,0.23684701764081662,7,0.5689200564890176,1,0.11231655306670099,7,0.23424100417373786
名称未設定,修行をと。,"[{'指標': '発言無効度', 'スコア': 9, '確信度': 0.38127310173324347}, {'指標': '威圧度', 'スコア': 3, '確信度': 0.6273750207968679}, {'指標': '偏り度', 'スコア': 7, '確信度': 0.38295912352282535}, {'指標': '逸脱度', 'スコア': 8, '確信度': 0.3000508827130016}]",総合(平均),7,0.42,2025-12-11T17:06:38.603649,8,0.3000508827130016,9,0.38127310173324347,3,0.6273750207968679,7,0.38295912352282535
名称未設定,必要ない。,"[{'指標': '発言無効度', 'スコア': 9, '確信度': 0.2992279933538744}, {'指標': '逸脱度', 'スコア': 9, '確信度': 0.18706567585112382}, {'指標': '威圧度', 'スコア': 1, '確信度': 0.5197749769017771}, {'指標': '偏り度', 'スコア': 7, '確信度': 0.1772224320584651}]",総合(平均),6,0.3,2025-12-11T17:06:40.568499,9,0.18706567585112382,9,0.2992279933538744,1,0.5197749769017771,7,0.1772224320584651
名称未設定,昨年は何したか。,"[{'指標': '逸脱度', 'スコア': 9, '確信度': 0.19709367164192293}, {'指標': '威圧度', 'スコア': 3, '確信度': 0.4269285983318031}, {'指標': '発言無効度', 'スコア': 9, '確信度': 0.10692489519594767}, {'指標': '偏り度', 'スコア': 7, '確信度': 0.5251248969767347}]",総合(平均),7,0.31,2025-12-11T17:06:47.696295,9,0.19709367164192293,9,0.10692489519594767,3,0.4269285983318031,7,0.5251248969767347
名称未設定,それを,"[{'指標': '逸脱度', 'スコア': 7, '確信度': 0.2134670273719692}, {'指標': '偏り度', 'スコア': 7, '確信度': 0.21594730168467133}, {'指標': '威圧度', 'スコア': 3, '確信度': 0.3307101100931086}, {'指標': '発言無効度', 'スコア': 7, '確信度': 0.36548932049489663}]",総合(平均),6,0.28,2025-12-11T17:06:52.218557,7,0.2134670273719692,7,0.36548932049489663,3,0.3307101100931086,7,0.21594730168467133
名称未設定,常にLEDライト。,"[{'指標': '威圧度', 'スコア': 3, '確信度': 0.8032124121390368}, {'指標': '発言無効度', 'スコア': 8, '確信度': 0.09244974816920903}, {'指標': '偏り度', 'スコア': 7, '確信度': 0.22740614842531284}, {'指標': '逸脱度', 'スコア': 7, '確信度': 0.44999092127610285}]",総合(平均),6,0.39,2025-12-11T17:06:56.902993,7,0.44999092127610285,8,0.09244974816920903,3,0.8032124121390368,7,0.22740614842531284
名称未設定,それの色を変えたり。,"[{'指標': '逸脱度', 'スコア': 7, '確信度': 0.17688698550464438}, {'指標': '偏り度', 'スコア': 7, '確信度': 0.10008426585505048}, {'指標': '発言無効度', 'スコア': 7, '確信度': 0.6430749331989102}, {'指標': '威圧度', 'スコア': 3, '確信度': 0.4269567944584687}]",総合(平均),6,0.34,2025-12-11T17:06:58.785098,7,0.17688698550464438,7,0.6430749331989102,3,0.4269567944584687,7,0.10008426585505048
名称未設定,ユーザーに。,"[{'指標': '発言無効度', 'スコア': 7, '確信度': 0.45462123352113515}, {'指標': '逸脱度', 'スコア': 7, '確信度': 0.4875783897729059}, {'指標': '威圧度', 'スコア': 3, '確信度': 0.19107245535447104}, {'指標': '偏り度', 'スコア': 3, '確信度': 0.4406447075444133}]",総合(平均),5,0.39,2025-12-11T17:07:01.107780,7,0.4875783897729059,7,0.45462123352113515,3,0.19107245535447104,3,0.4406447075444133
名称未設定,実際に社内で。,"[{'指標': '威圧度', 'スコア': 3, '確信度': 0.5626053681007769}, {'指標': '偏り度', 'スコア': 5, '確信度': 0.07698092157075181}, {'指標': '逸脱度', 'スコア': 7, '確信度': 0.3744884458639247}, {'指標': '発言無効度', 'スコア': 7, '確信度': 0.6452119192435353}]",総合(平均),6,0.41,2025-12-11T17:07:06.920682,7,0.3744884458639247,7,0.6452119192435353,3,0.5626053681007769,5,0.07698092157075181
名称未設定,えっと、,"[{'指標': '逸脱度', 'スコア': 7, '確信度': 0.11681146805031634}, {'指標': '発言無効度', 'スコア': 9, '確信度': 0.28549658585518106}, {'指標': '威圧度', 'スコア': 3, '確信度': 0.2408964320789213}, {'指標': '偏り度', 'スコア': 7, '確信度': 0.3199863726063273}]",総合(平均),6,0.24,2025-12-11T17:07:11.998813,7,0.11681146805031634,9,0.28549658585518106,3,0.2408964320789213,7,0.3199863726063273
名称未設定,これはひどい。,"[{'指標': '威圧度', 'スコア': 7, '確信度': 0.0}, {'指標': '逸脱度', 'スコア': 8, '確信度': 0.04074543871808267}, {'指標': '偏り度', 'スコア': 9, '確信度': 0.3964976414920859}, {'指標': '発言無効度', 'スコア': 9, '確信度': 0.6813281333418197}]",総合(平均),8,0.28,2025-12-11T17:07:22.049554,8,0.04074543871808267,9,0.6813281333418197,7,0.0,9,0.3964976414920859
名称未設定,それをスコアリングしていた発言後。,"[{'指標': '逸脱度', 'スコア': 9, '確信度': 0.10069320624918437}, {'指標': '偏り度', 'スコア': 7, '確信度': 0.4679004366052636}, {'指標': '威圧度', 'スコア': 3, '確信度': 0.18404254478068377}, {'指標': '発言無効度', 'スコア': 7, '確信度': 0.4224372684618883}]",総合(平均),6,0.29,2025-12-11T17:07:27.631680,9,0.10069320624918437,7,0.4224372684618883,3,0.18404254478068377,7,0.4679004366052636
名称未設定,あとは脅迫。,"[{'指標': '威圧度', 'スコア': 8, '確信度': 0.0}, {'指標': '逸脱度', 'スコア': 8, '確信度': 0.11772225006179587}, {'指標': '偏り度', 'スコア': 9, '確信度': 0.40887048074187715}, {'指標': '発言無効度', 'スコア': 9, '確信度': 0.698737076016094}]",総合(平均),8,0.31,2025-12-11T17:07:33.129320,8,0.11772225006179587,9,0.698737076016094,8,0.0,9,0.40887048074187715
名称未設定,エルイナイト。,"[{'指標': '逸脱度', 'スコア': 9, '確信度': 0.963350237482687}, {'指標': '威圧度', 'スコア': 3, '確信度': 0.07948936580896082}, {'指標': '偏り度', 'スコア': 7, '確信度': 0.2062096418115908}, {'指標': '発言無効度', 'スコア': 9, '確信度': 0.5120906696212953}]",総合(平均),7,0.44,2025-12-11T17:07:34.993285,9,0.963350237482687,9,0.5120906696212953,3,0.07948936580896082,7,0.2062096418115908
名称未設定,営業してます。,"[{'指標': '偏り度', 'スコア': 9, '確信度': 0.3619045841520624}, {'指標': '威圧度', 'スコア': 3, '確信度': 0.3049149837935184}, {'指標': '逸脱度', 'スコア': 8, '確信度': 0.1140533879539884}, {'指標': '発言無効度', 'スコア': 9, '確信度': 0.2711337720045821}]",総合(平均),7,0.26,2025-12-11T17:07:37.182388,8,0.1140533879539884,9,0.2711337720045821,3,0.3049149837935184,9,0.3619045841520624
名称未設定,あのやつのババア。,"[{'指標': '威圧度', 'スコア': 9, '確信度': 0.4288975054019442}, {'指標': '逸脱度', 'スコア': 9, '確信度': 0.7020005405982945}, {'指標': '偏り度', 'スコア': 9, '確信度': 0.4290000613455055}, {'指標': '発言無効度', 'スコア': 9, '確信度': 0.7521302850431354}]",総合(平均),9,0.58,2025-12-11T17:07:39.679764,9,0.7020005405982945,9,0.7521302850431354,9,0.4288975054019442,9,0.4290000613455055
名称未設定,えーと。,"[{'指標': '偏り度', 'スコア': 7, '確信度': 0.6398897929757799}, {'指標': '威圧度', 'スコア': 3, '確信度': 0.9203630074323769}, {'指標': '逸脱度', 'スコア': 9, '確信度': 0.4724958232337554}, {'指標': '発言無効度', 'スコア': 9, '確信度': 0.44123986590800135}]",総合(平均),7,0.62,2025-12-11T17:07:46.445898,9,0.4724958232337554,9,0.44123986590800135,3,0.9203630074323769,7,0.6398897929757799
名称未設定,エドマン。,"[{'指標': '偏り度', 'スコア': 7, '確信度': 0.08832207765310196}, {'指標': '威圧度', 'スコア': 3, '確信度': 0.23053511090149853}, {'指標': '逸脱度', 'スコア': 9, '確信度': 0.9206711568539407}, {'指標': '発言無効度', 'スコア': 9, '確信度': 0.3968400438204971}]",総合(平均),7,0.41,2025-12-11T17:07:48.618051,9,0.9206711568539407,9,0.3968400438204971,3,0.23053511090149853,7,0.08832207765310196
名称未設定,余計なこと話したい。,"[{'指標': '逸脱度', 'スコア': 9, '確信度': 0.7027465748955003}, {'指標': '威圧度', 'スコア': 3, '確信度': 0.0}, {'指標': '偏り度', 'スコア': 9, '確信度': 0.08439922533129268}, {'指標': '発言無効度', 'スコア': 9, '確信度': 0.4493299176410438}]",総合(平均),8,0.31,2025-12-11T17:07:52.684866,9,0.7027465748955003,9,0.4493299176410438,3,0.0,9,0.08439922533129268
名称未設定,プライベートアフラズ。,"[{'指標': '逸脱度', 'スコア': 8, '確信度': 0.09444640108790006}, {'指標': '偏り度', 'スコア': 9, '確信度': 0.48749355862270877}, {'指標': '発言無効度', 'スコア': 9, '確信度': 0.6972782766386002}, {'指標': '威圧度', 'スコア': 7, '確信度': 0.18821387342495258}]",総合(平均),8,0.37,2025-12-11T17:08:00.399087,8,0.09444640108790006,9,0.6972782766386002,7,0.18821387342495258,9,0.48749355862270877
名称未設定,として、イエス社内で,"[{'指標': '偏り度', 'スコア': 9, '確信度': 0.5701028520707149}, {'指標': '逸脱度', 'スコア': 9, '確信度': 0.9762904280482261}, {'指標': '威圧度', 'スコア': 7, '確信度': 0.7245343050363865}, {'指標': '発言無効度', 'スコア': 9, '確信度': 0.6023067034611693}]",総合(平均),8,0.72,2025-12-11T17:08:09.958775,9,0.9762904280482261,9,0.6023067034611693,7,0.7245343050363865,9,0.5701028520707149
名称未設定,えっとまあ。,"[{'指標': '偏り度', 'スコア': 9, '確信度': 0.30880704702508555}, {'指標': '威圧度', 'スコア': 3, '確信度': 0.7723104928478827}, {'指標': '逸脱度', 'スコア': 9, '確信度': 0.9092623281188027}, {'指標': '発言無効度', 'スコア': 9, '確信度': 0.20781328877975735}]",総合(平均),8,0.55,2025-12-11T17:08:12.310339,9,0.9092623281188027,9,0.20781328877975735,3,0.7723104928478827,9,0.30880704702508555
名称未設定,制度自体は,"[{'指標': '偏り度', 'スコア': 9, '確信度': 0.28364883567388716}, {'指標': '威圧度', 'スコア': 3, '確信度': 0.2805184639086694}, {'指標': '逸脱度', 'スコア': 9, '確信度': 0.4413681340762227}, {'指標': '発言無効度', 'スコア': 9, '確信度': 0.5557079355038717}]",総合(平均),8,0.39,2025-12-11T17:08:14.870202,9,0.4413681340762227,9,0.5557079355038717,3,0.2805184639086694,9,0.28364883567388716
名称未設定,ような表。,"[{'指標': '偏り度', 'スコア': 9, '確信度': 0.32640569730258334}, {'指標': '威圧度', 'スコア': 3, '確信度': 0.372608190823034}, {'指標': '逸脱度', 'スコア': 9, '確信度': 0.8640521559488724}, {'指標': '発言無効度', 'スコア': 9, '確信度': 0.818483515127947}]",総合(平均),8,0.6,2025-12-11T17:08:17.788239,9,0.8640521559488724,9,0.818483515127947,3,0.372608190823034,9,0.32640569730258334
名称未設定,したりライト。,"[{'指標': '威圧度', 'スコア': 3, '確信度': 0.5842957199351589}, {'指標': '逸脱度', 'スコア': 9, '確信度': 0.8063016514749809}, {'指標': '発言無効度', 'スコア': 9, '確信度': 0.6035144467557888}, {'指標': '偏り度', 'スコア': 9, '確信度': 0.28555843026683325}]",総合(平均),8,0.57,2025-12-11T17:08:21.557412,9,0.8063016514749809,9,0.6035144467557888,3,0.5842957199351589,9,0.28555843026683325
名称未設定,こと閉鎖につながった。,"[{'指標': '逸脱度', 'スコア': 9, '確信度': 0.755826245108412}, {'指標': '威圧度', 'スコア': 3, '確信度': 0.6002044700799983}, {'指標': '偏り度', 'スコア': 7, '確信度': 0.19825593448231588}, {'指標': '発言無効度', 'スコア': 9, '確信度': 0.5846483047790966}]",総合(平均),7,0.53,2025-12-11T17:08:24.081451,9,0.755826245108412,9,0.5846483047790966,3,0.6002044700799983,7,0.19825593448231588
名称未設定,そんな感じで。,"[{'指標': '威圧度', 'スコア': 3, '確信度': 0.8057880220980667}, {'指標': '発言無効度', 'スコア': 9, '確信度': 0.18886412820892284}, {'指標': '逸脱度', 'スコア': 9, '確信度': 0.7530803695027297}, {'指標': '偏り度', 'スコア': 7, '確信度': 0.20381371377502094}]",総合(平均),7,0.49,2025-12-11T17:08:29.647288,9,0.7530803695027297,9,0.18886412820892284,3,0.8057880220980667,7,0.20381371377502094
名称未設定,この例の。,"[{'指標': '偏り度', 'スコア': 7, '確信度': 0.5883390784652804}, {'指標': '威圧度', 'スコア': 3, '確信度': 0.5533307782860559}, {'指標': '逸脱度', 'スコア': 9, '確信度': 0.6144969464676978}, {'指標': '発言無効度', 'スコア': 9, '確信度': 0.09792411717003374}]",総合(平均),7,0.46,2025-12-11T17:08:32.068189,9,0.6144969464676978,9,0.09792411717003374,3,0.5533307782860559,7,0.5883390784652804
名称未設定,何したの？,"[{'指標': '逸脱度', 'スコア': 8, '確信度': 0.04651667505277239}, {'指標': '偏り度', 'スコア': 7, '確信度': 0.2060179234805699}, {'指標': '威圧度', 'スコア': 3, '確信度': 0.6145287280218507}, {'指標': '発言無効度', 'スコア': 9, '確信度': 0.710138738566736}]",総合(平均),7,0.39,2025-12-11T17:08:36.829401,8,0.04651667505277239,9,0.710138738566736,3,0.6145287280218507,7,0.2060179234805699
名称未設定,続けるともれちゃう。,"[{'指標': '偏り度', 'スコア': 7, '確信度': 0.5395745285352318}, {'指標': '逸脱度', 'スコア': 9, '確信度': 0.7877556252870939}, {'指標': '威圧度', 'スコア': 3, '確信度': 0.6468104405202035}, {'指標': '発言無効度', 'スコア': 7, '確信度': 0.19768752720165633}]",総合(平均),6,0.54,2025-12-11T17:08:38.671260,9,0.7877556252870939,7,0.19768752720165633,3,0.6468104405202035,7,0.5395745285352318
名称未設定,に対して。,"[{'指標': '威圧度', 'スコア': 3, '確信度': 0.3619215328390434}, {'指標': '逸脱度', 'スコア': 7, '確信度': 0.10471856651474393}, {'指標': '偏り度', 'スコア': 7, '確信度': 0.5887366770088862}, {'指標': '発言無効度', 'スコア': 7, '確信度': 0.10065504214482851}]",総合(平均),6,0.29,2025-12-11T17:08:41.272360,7,0.10471856651474393,7,0.10065504214482851,3,0.3619215328390434,7,0.5887366770088862
名称未設定,昨年度は,"[{'指標': '逸脱度', 'スコア': 7, '確信度': 0.22094247988571353}, {'指標': '偏り度', 'スコア': 7, '確信度': 0.1157451208849502}, {'指標': '威圧度', 'スコア': 1, '確信度': 0.0}, {'指標': '発言無効度', 'スコア': 7, '確信度': 0.5247562935833697}]",総合(平均),6,0.22,2025-12-11T17:08:48.247170,7,0.22094247988571353,7,0.5247562935833697,1,0.0,7,0.1157451208849502
名称未設定,AIを。,"[{'指標': '逸脱度', 'スコア': 9, '確信度': 0.535485586763524}, {'指標': '威圧度', 'スコア': 3, '確信度': 0.2315130318193851}, {'指標': '発言無効度', 'スコア': 9, '確信度': 0.10218241028594971}, {'指標': '偏り度', 'スコア': 7, '確信度': 0.08749237018663575}]",総合(平均),7,0.24,2025-12-11T17:08:52.186611,9,0.535485586763524,9,0.10218241028594971,3,0.2315130318193851,7,0.08749237018663575
名称未設定,グループのミッション。,"[{'指標': '逸脱度', 'スコア': 7, '確信度': 0.18847900803889406}, {'指標': '偏り度', 'スコア': 9, '確信度': 0.06165450443628706}, {'指標': '威圧度', 'スコア': 1, '確信度': 0.1148090143587896}, {'指標': '発言無効度', 'スコア': 7, '確信度': 0.5642182413974598}]",総合(平均),6,0.23,2025-12-11T17:08:56.121629,7,0.18847900803889406,7,0.5642182413974598,1,0.1148090143587896,9,0.06165450443628706
名称未設定,今年の4月から,"[{'指標': '威圧度', 'スコア': 1, '確信度': 0.7416594619620386}, {'指標': '逸脱度', 'スコア': 7, '確信度': 0.857905450074406}, {'指標': '偏り度', 'スコア': 1, '確信度': 0.10862958365164083}, {'指標': '発言無効度', 'スコア': 7, '確信度': 0.2575907613963776}]",総合(平均),4,0.49,2025-12-11T17:08:59.310755,7,0.857905450074406,7,0.2575907613963776,1,0.7416594619620386,1,0.10862958365164083
名称未設定,やってきた。,"[{'指標': '逸脱度', 'スコア': 7, '確信度': 0.21421625934352856}, {'指標': '威圧度', 'スコア': 3, '確信度': 0.23126448786294423}, {'指標': '偏り度', 'スコア': 7, '確信度': 0.5604550908656138}, {'指標': '発言無効度', 'スコア': 7, '確信度': 0.6480829462248752}]",総合(平均),6,0.41,2025-12-11T17:09:01.147333,7,0.21421625934352856,7,0.6480829462248752,3,0.23126448786294423,7,0.5604550908656138
名称未設定,システム。,"[{'指標': '威圧度', 'スコア': 1, '確信度': 0.2863261402648725}, {'指標': '逸脱度', 'スコア': 1, '確信度': 0.9568252609068524}, {'指標': '偏り度', 'スコア': 3, '確信度': 0.17043389904287282}, {'指標': '発言無効度', 'スコア': 7, '確信度': 0.3003580092279712}]",総合(平均),3,0.43,2025-12-11T17:09:05.964845,1,0.9568252609068524,7,0.3003580092279712,1,0.2863261402648725,3,0.17043389904287282
名称未設定,エルビン頑張りましょう。,"[{'指標': '偏り度', 'スコア': 7, '確信度': 0.4263255674389693}, {'指標': '逸脱度', 'スコア': 9, '確信度': 0.29878621457101895}, {'指標': '威圧度', 'スコア': 1, '確信度': 0.8975760946344298}, {'指標': '発言無効度', 'スコア': 9, '確信度': 0.3813704158740967}]",総合(平均),6,0.5,2025-12-11T17:09:09.637889,9,0.29878621457101895,9,0.3813704158740967,1,0.8975760946344298,7,0.4263255674389693
名称未設定,そもそも依頼の会議。,"[{'指標': '偏り度', 'スコア': 7, '確信度': 0.0}, {'指標': '威圧度', 'スコア': 3, '確信度': 0.0}, {'指標': '逸脱度', 'スコア': 9, '確信度': 0.6230628643237832}, {'指標': '発言無効度', 'スコア': 7, '確信度': 0.5271591229596986}]",総合(平均),6,0.29,2025-12-11T17:09:12.615766,9,0.6230628643237832,7,0.5271591229596986,3,0.0,7,0.0
名称未設定,もうちょっと。,"[{'指標': '逸脱度', 'スコア': 7, '確信度': 0.2098616631658431}, {'指標': '威圧度', 'スコア': 3, '確信度': 0.31474219621788035}, {'指標': '偏り度', 'スコア': 7, '確信度': 0.2634354041241617}, {'指標': '発言無効度', 'スコア': 7, '確信度': 0.45191153410788093}]",総合(平均),6,0.31,2025-12-11T17:09:25.878571,7,0.2098616631658431,7,0.45191153410788093,3,0.31474219621788035,7,0.2634354041241617
名称未設定,何やりたい？,"[{'指標': '逸脱度', 'スコア': 9, '確信度': 0.33935299997654633}, {'指標': '威圧度', 'スコア': 3, '確信度': 0.41537456105965087}, {'指標': '偏り度', 'スコア': 7, '確信度': 0.0}, {'指標': '発言無効度', 'スコア': 7, '確信度': 0.0}]",総合(平均),6,0.19,2025-12-11T17:09:27.601416,9,0.33935299997654633,7,0.0,3,0.41537456105965087,7,0.0
名称未設定,いろんな資料,"[{'指標': '逸脱度', 'スコア': 7, '確信度': 0.7799623193901114}, {'指標': '偏り度', 'スコア': 3, '確信度': 0.275613114327496}, {'指標': '威圧度', 'スコア': 3, '確信度': 0.3473983295562893}, {'指標': '発言無効度', 'スコア': 7, '確信度': 0.4873597410015412}]",総合(平均),5,0.47,2025-12-11T17:09:29.532342,7,0.7799623193901114,7,0.4873597410015412,3,0.3473983295562893,3,0.275613114327496
名称未設定,ランディ。,"[{'指標': '偏り度', 'スコア': 7, '確信度': 0.29800375161003173}, {'指標': '威圧度', 'スコア': 1, '確信度': 0.0}, {'指標': '逸脱度', 'スコア': 9, '確信度': 0.9313071828692159}, {'指標': '発言無効度', 'スコア': 9, '確信度': 0.09234247820913033}]",総合(平均),6,0.33,2025-12-11T17:09:38.070177,9,0.9313071828692159,9,0.09234247820913033,1,0.0,7,0.29800375161003173
名称未設定,ポジテーション,"[{'指標': '威圧度', 'スコア': 3, '確信度': 0.4299042950341295}, {'指標': '発言無効度', 'スコア': 7, '確信度': 0.45604990551197744}, {'指標': '逸脱度', 'スコア': 7, '確信度': 0.6196262434688811}, {'指標': '偏り度', 'スコア': 7, '確信度': 0.2394684146707388}]",総合(平均),6,0.44,2025-12-11T17:09:43.444101,7,0.6196262434688811,7,0.45604990551197744,3,0.4299042950341295,7,0.2394684146707388
名称未設定,みたいなの。,"[{'指標': '逸脱度', 'スコア': 9, '確信度': 0.6102228378529734}, {'指標': '発言無効度', 'スコア': 8, '確信度': 0.0}, {'指標': '偏り度', 'スコア': 7, '確信度': 0.29076141275854384}, {'指標': '威圧度', 'スコア': 3, '確信度': 0.771493489944431}]",総合(平均),7,0.42,2025-12-11T17:09:47.333377,9,0.6102228378529734,8,0.0,3,0.771493489944431,7,0.29076141275854384
名称未設定,検討します。,"[{'指標': '威圧度', 'スコア': 3, '確信度': 0.36234558624977037}, {'指標': '偏り度', 'スコア': 1, '確信度': 0.14345743520543242}, {'指標': '発言無効度', 'スコア': 7, '確信度': 0.45247563528788104}, {'指標': '逸脱度', 'スコア': 7, '確信度': 0.26662057707993114}]",総合(平均),4,0.31,2025-12-11T17:09:49.980053,7,0.26662057707993114,7,0.45247563528788104,3,0.36234558624977037,1,0.14345743520543242
名称未設定,上の青の。,"[{'指標': '偏り度', 'スコア': 5, '確信度': 0.0}, {'指標': '発言無効度', 'スコア': 7, '確信度': 0.0983814100232851}, {'指標': '威圧度', 'スコア': 1, '確信度': 0.0}, {'指標': '逸脱度', 'スコア': 9, '確信度': 0.33396228565805425}]",総合(平均),6,0.11,2025-12-11T17:09:56.386363,9,0.33396228565805425,7,0.0983814100232851,1,0.0,5,0.0
名称未設定,えっと,"[{'指標': '威圧度', 'スコア': 3, '確信度': 0.7406810746670793}, {'指標': '偏り度', 'スコア': 7, '確信度': 0.5650982084333335}, {'指標': '逸脱度', 'スコア': 9, '確信度': 0.270978934203484}, {'指標': '発言無効度', 'スコア': 7, '確信度': 0.6915044947164875}]",総合(平均),6,0.57,2025-12-11T17:10:04.409010,9,0.270978934203484,7,0.6915044947164875,3,0.7406810746670793,7,0.5650982084333335
名称未設定,これで今の。,"[{'指標': '威圧度', 'スコア': 3, '確信度': 0.1071393010634687}, {'指標': '発言無効度', 'スコア': 7, '確信度': 0.7091379497115351}, {'指標': '偏り度', 'スコア': 7, '確信度': 0.4233336910403175}, {'指標': '逸脱度', 'スコア': 9, '確信度': 0.10623308013319699}]",総合(平均),6,0.34,2025-12-11T17:10:06.994845,9,0.10623308013319699,7,0.7091379497115351,3,0.1071393010634687,7,0.4233336910403175
名称未設定,元々ご主人。,"[{'指標': '逸脱度', 'スコア': 9, '確信度': 0.8742734961399098}, {'指標': '発言無効度', 'スコア': 9, '確信度': 0.6804101257953596}, {'指標': '偏り度', 'スコア': 7, '確信度': 0.37374718676637864}, {'指標': '威圧度', 'スコア': 3, '確信度': 0.19111696182331295}]",総合(平均),7,0.53,2025-12-11T17:10:11.296827,9,0.8742734961399098,9,0.6804101257953596,3,0.19111696182331295,7,0.37374718676637864
名称未設定,ちょっと心理的安全性は。,"[{'指標': '逸脱度', 'スコア': 7, '確信度': 0.6039958061129038}, {'指標': '威圧度', 'スコア': 3, '確信度': 0.6788505951825173}, {'指標': '発言無効度', 'スコア': 7, '確信度': 0.5311645624860137}, {'指標': '偏り度', 'スコア': 4, '確信度': 0.0}]",総合(平均),5,0.45,2025-12-11T17:10:16.914429,7,0.6039958061129038,7,0.5311645624860137,3,0.6788505951825173,4,0.0
名称未設定,祈りそうにないね。,"[{'指標': '威圧度', 'スコア': 3, '確信度': 0.6076362101759673}, {'指標': '逸脱度', 'スコア': 8, '確信度': 0.25583967902228105}, {'指標': '偏り度', 'スコア': 7, '確信度': 0.15555568527294356}, {'指標': '発言無効度', 'スコア': 9, '確信度': 0.3465796496604271}]",総合(平均),7,0.34,2025-12-11T17:10:19.410909,8,0.25583967902228105,9,0.3465796496604271,3,0.6076362101759673,7,0.15555568527294356
名称未設定,置いといて別件。,"[{'指標': '逸脱度', 'スコア': 8, '確信度': 0.10302899112439551}, {'指標': '偏り度', 'スコア': 7, '確信度': 0.8072310407512832}, {'指標': '発言無効度', 'スコア': 8, '確信度': 0.0}, {'指標': '威圧度', 'スコア': 3, '確信度': 0.788629762373937}]",総合(平均),6,0.42,2025-12-11T17:10:22.699589,8,0.10302899112439551,8,0.0,3,0.788629762373937,7,0.8072310407512832
名称未設定,これをあの。,"[{'指標': '逸脱度', 'スコア': 9, '確信度': 0.27084910473406065}, {'指標': '偏り度', 'スコア': 7, '確信度': 0.3394505871571548}, {'指標': '発言無効度', 'スコア': 7, '確信度': 0.5724688685766207}, {'指標': '威圧度', 'スコア': 3, '確信度': 0.2314052221017841}]",総合(平均),6,0.35,2025-12-11T17:10:30.439727,9,0.27084910473406065,7,0.5724688685766207,3,0.2314052221017841,7,0.3394505871571548
名称未設定,センタレス2ださ。,"[{'指標': '威圧度', 'スコア': 3, '確信度': 0.6786951909691727}, {'指標': '偏り度', 'スコア': 7, '確信度': 0.4629959068385409}, {'指標': '逸脱度', 'スコア': 9, '確信度': 0.38193247827169163}, {'指標': '発言無効度', 'スコア': 7, '確信度': 0.18836622771394473}]",総合(平均),6,0.43,2025-12-11T17:10:33.514933,9,0.38193247827169163,7,0.18836622771394473,3,0.6786951909691727,7,0.4629959068385409
名称未設定,はい、あの。,"[{'指標': '偏り度', 'スコア': 7, '確信度': 0.0}, {'指標': '威圧度', 'スコア': 1, '確信度': 0.7648897962800237}, {'指標': '逸脱度', 'スコア': 9, '確信度': 0.3633917637354481}, {'指標': '発言無効度', 'スコア': 7, '確信度': 0.0}]",総合(平均),6,0.28,2025-12-11T17:10:47.442086,9,0.3633917637354481,7,0.0,1,0.7648897962800237,7,0.0
名称未設定,えーと。,"[{'指標': '威圧度', 'スコア': 3, '確信度': 0.5343140983022436}, {'指標': '偏り度', 'スコア': 7, '確信度': 0.18721252810333677}, {'指標': '発言無効度', 'スコア': 9, '確信度': 0.29803625672834266}, {'指標': '逸脱度', 'スコア': 7, '確信度': 0.0}]",総合(平均),6,0.25,2025-12-11T17:10:52.461359,7,0.0,9,0.29803625672834266,3,0.5343140983022436,7,0.18721252810333677
名称未設定,もらうにも出しました。,"[{'指標': '偏り度', 'スコア': 7, '確信度': 0.16988533739351558}, {'指標': '逸脱度', 'スコア': 7, '確信度': 0.21155556521591612}, {'指標': '威圧度', 'スコア': 3, '確信度': 0.6221160354914643}, {'指標': '発言無効度', 'スコア': 9, '確信度': 0.18871075516486924}]",総合(平均),6,0.3,2025-12-11T17:10:56.248469,7,0.21155556521591612,9,0.18871075516486924,3,0.6221160354914643,7,0.16988533739351558
名称未設定,これはあまり。,"[{'指標': '逸脱度', 'スコア': 9, '確信度': 0.18897258849086984}, {'指標': '威圧度', 'スコア': 3, '確信度': 0.7761230202759597}, {'指標': '発言無効度', 'スコア': 8, '確信度': 0.0}, {'指標': '偏り度', 'スコア': 7, '確信度': 0.33193774131318443}]",総合(平均),7,0.32,2025-12-11T17:10:59.320056,9,0.18897258849086984,8,0.0,3,0.7761230202759597,7,0.33193774131318443
名称未設定,これからですね、,"[{'指標': '威圧度', 'スコア': 1, '確信度': 0.11595785890404342}, {'指標': '発言無効度', 'スコア': 7, '確信度': 0.3888483366344808}, {'指標': '逸脱度', 'スコア': 7, '確信度': 0.19875397633386255}, {'指標': '偏り度', 'スコア': 3, '確信度': 0.06826792754450528}]",総合(平均),4,0.19,2025-12-11T17:11:21.433275,7,0.19875397633386255,7,0.3888483366344808,1,0.11595785890404342,3,0.06826792754450528
名称未設定,シナリオ。,"[{'指標': '発言無効度', 'スコア': 7, '確信度': 0.48453538062613627}, {'指標': '逸脱度', 'スコア': 7, '確信度': 0.513494305847402}, {'指標': '威圧度', 'スコア': 3, '確信度': 0.08881485575395748}, {'指標': '偏り度', 'スコア': 5, '確信度': 0.07168321615656709}]",総合(平均),6,0.29,2025-12-11T17:11:27.480297,7,0.513494305847402,7,0.48453538062613627,3,0.08881485575395748,5,0.07168321615656709
名称未設定,システムの方は、,"[{'指標': '逸脱度', 'スコア': 7, '確信度': 0.48459737595814467}, {'指標': '発言無効度', 'スコア': 7, '確信度': 0.6511658771822498}, {'指標': '威圧度', 'スコア': 1, '確信度': 0.23380090341026127}, {'指標': '偏り度', 'スコア': 9, '確信度': 0.11449295449095659}]",総合(平均),6,0.37,2025-12-11T17:11:33.600028,7,0.48459737595814467,7,0.6511658771822498,1,0.23380090341026127,9,0.11449295449095659
名称未設定,割と。,"[{'指標': '威圧度', 'スコア': 3, '確信度': 0.7184221740377085}, {'指標': '発言無効度', 'スコア': 7, '確信度': 0.1885963073576592}, {'指標': '偏り度', 'スコア': 7, '確信度': 0.2831449205165798}, {'指標': '逸脱度', 'スコア': 9, '確信度': 0.3280285380835229}]",総合(平均),6,0.38,2025-12-11T17:11:37.756065,9,0.3280285380835229,7,0.1885963073576592,3,0.7184221740377085,7,0.2831449205165798
名称未設定,開業しながら。,"[{'指標': '発言無効度', 'スコア': 7, '確信度': 0.4496265827952133}, {'指標': '逸脱度', 'スコア': 7, '確信度': 0.48623804389863645}, {'指標': '偏り度', 'スコア': 1, '確信度': 0.15716624614521674}, {'指標': '威圧度', 'スコア': 3, '確信度': 0.48074158027145625}]",総合(平均),4,0.39,2025-12-11T17:11:40.283738,7,0.48623804389863645,7,0.4496265827952133,3,0.48074158027145625,1,0.15716624614521674
名称未設定,大変ありがたい。,"[{'指標': '威圧度', 'スコア': 1, '確信度': 0.9704252268363668}, {'指標': '逸脱度', 'スコア': 9, '確信度': 0.8649240519386938}, {'指標': '偏り度', 'スコア': 1, '確信度': 0.1914891927867044}, {'指標': '発言無効度', 'スコア': 7, '確信度': 0.6752480326711625}]",総合(平均),4,0.68,2025-12-11T17:11:45.416912,9,0.8649240519386938,7,0.6752480326711625,1,0.9704252268363668,1,0.1914891927867044
名称未設定,シナリオ。,"[{'指標': '偏り度', 'スコア': 1, '確信度': 0.8673394659659801}, {'指標': '逸脱度', 'スコア': 3, '確信度': 0.10977843626187689}, {'指標': '威圧度', 'スコア': 3, '確信度': 0.44523066519037574}, {'指標': '発言無効度', 'スコア': 4, '確信度': 0.6114897350612877}]",総合(平均),3,0.51,2025-12-11T17:11:47.646550,3,0.10977843626187689,4,0.6114897350612877,3,0.44523066519037574,1,0.8673394659659801
名称未設定,後で。,"[{'指標': '逸脱度', 'スコア': 9, '確信度': 0.6308146653491886}, {'指標': '発言無効度', 'スコア': 7, '確信度': 0.46520834959968516}, {'指標': '威圧度', 'スコア': 3, '確信度': 0.8612199994794076}, {'指標': '偏り度', 'スコア': 7, '確信度': 0.20851941880090896}]",総合(平均),6,0.54,2025-12-11T17:11:52.049089,9,0.6308146653491886,7,0.46520834959968516,3,0.8612199994794076,7,0.20851941880090896
名称未設定,もう一個が,"[{'指標': '偏り度', 'スコア': 7, '確信度': 0.30903354803671806}, {'指標': '逸脱度', 'スコア': 7, '確信度': 0.4434435317318673}, {'指標': '威圧度', 'スコア': 3, '確信度': 0.902537192085814}, {'指標': '発言無効度', 'スコア': 7, '確信度': 0.684398642056105}]",総合(平均),6,0.58,2025-12-11T17:11:58.481219,7,0.4434435317318673,7,0.684398642056105,3,0.902537192085814,7,0.30903354803671806
名称未設定,とりあえず会議に。,"[{'指標': '偏り度', 'スコア': 7, '確信度': 0.06695870424740757}, {'指標': '威圧度', 'スコア': 3, '確信度': 0.8476546824874481}, {'指標': '発言無効度', 'スコア': 7, '確信度': 0.6740225564281588}, {'指標': '逸脱度', 'スコア': 7, '確信度': 0.4685479669529502}]",総合(平均),6,0.51,2025-12-11T17:12:01.835958,7,0.4685479669529502,7,0.6740225564281588,3,0.8476546824874481,7,0.06695870424740757
名称未設定,で測った。,"[{'指標': '逸脱度', 'スコア': 9, '確信度': 0.10633097971166622}, {'指標': '発言無効度', 'スコア': 7, '確信度': 0.573946520756557}, {'指標': '偏り度', 'スコア': 3, '確信度': 0.26563430290237}, {'指標': '威圧度', 'スコア': 1, '確信度': 0.0}]",総合(平均),5,0.24,2025-12-11T17:12:03.824507,9,0.10633097971166622,7,0.573946520756557,1,0.0,3,0.26563430290237
名称未設定,ちゃんと評価しないとね。,"[{'指標': '発言無効度', 'スコア': 7, '確信度': 0.19428923138818427}, {'指標': '逸脱度', 'スコア': 7, '確信度': 0.4188708302380722}, {'指標': '威圧度', 'スコア': 3, '確信度': 0.6490911675553686}, {'指標': '偏り度', 'スコア': 1, '確信度': 0.0}]",総合(平均),4,0.32,2025-12-11T17:12:08.028815,7,0.4188708302380722,7,0.19428923138818427,3,0.6490911675553686,1,0.0
名称未設定,ジェネレーター。,"[{'指標': '威圧度', 'スコア': 1, '確信度': 0.20372536660156199}, {'指標': '逸脱度', 'スコア': 9, '確信度': 0.5110118616691435}, {'指標': '発言無効度', 'スコア': 7, '確信度': 0.588912083390134}, {'指標': '偏り度', 'スコア': 3, '確信度': 0.13035614458049186}]",総合(平均),5,0.36,2025-12-11T17:12:09.862247,9,0.5110118616691435,7,0.588912083390134,1,0.20372536660156199,3,0.13035614458049186
名称未設定,部屋に会議の。,"[{'指標': '発言無効度', 'スコア': 7, '確信度': 0.4662201355302935}, {'指標': '威圧度', 'スコア': 3, '確信度': 0.8906243382659425}, {'指標': '逸脱度', 'スコア': 7, '確信度': 0.20567163469970956}, {'指標': '偏り度', 'スコア': 7, '確信度': 0.44205466291031026}]",総合(平均),6,0.5,2025-12-11T17:12:12.312074,7,0.20567163469970956,7,0.4662201355302935,3,0.8906243382659425,7,0.44205466291031026
名称未設定,それで。,"[{'指標': '偏り度', 'スコア': 7, '確信度': 0.152831712847956}, {'指標': '発言無効度', 'スコア': 7, '確信度': 0.5791045949216541}, {'指標': '逸脱度', 'スコア': 7, '確信度': 0.11258565561542383}, {'指標': '威圧度', 'スコア': 3, '確信度': 0.3563574046593161}]",総合(平均),6,0.3,2025-12-11T17:12:16.323623,7,0.11258565561542383,7,0.5791045949216541,3,0.3563574046593161,7,0.152831712847956
名称未設定,提案させてるシステム,"[{'指標': '偏り度', 'スコア': 3, '確信度': 0.13542501407562285}, {'指標': '逸脱度', 'スコア': 3, '確信度': 0.6774194529734913}, {'指標': '発言無効度', 'スコア': 7, '確信度': 0.533604603401234}, {'指標': '威圧度', 'スコア': 3, '確信度': 0.23270527569268895}]",総合(平均),4,0.39,2025-12-11T17:12:19.305248,3,0.6774194529734913,7,0.533604603401234,3,0.23270527569268895,3,0.13542501407562285
名称未設定,俺もまだ。,"[{'指標': '偏り度', 'スコア': 7, '確信度': 0.08164120658639612}, {'指標': '逸脱度', 'スコア': 7, '確信度': 0.48296945084048876}, {'指標': '威圧度', 'スコア': 3, '確信度': 0.7250723961777984}, {'指標': '発言無効度', 'スコア': 7, '確信度': 0.4802449490553215}]",総合(平均),6,0.44,2025-12-11T17:12:22.262857,7,0.48296945084048876,7,0.4802449490553215,3,0.7250723961777984,7,0.08164120658639612
名称未設定,できてない。,"[{'指標': '威圧度', 'スコア': 3, '確信度': 0.2677571941441478}, {'指標': '逸脱度', 'スコア': 3, '確信度': 0.08332098417050199}, {'指標': '偏り度', 'スコア': 7, '確信度': 0.4974077783105468}, {'指標': '発言無効度', 'スコア': 7, '確信度': 0.35223047909030236}]",総合(平均),5,0.3,2025-12-11T17:12:24.888803,3,0.08332098417050199,7,0.35223047909030236,3,0.2677571941441478,7,0.4974077783105468
名称未設定,やりたいことは、,"[{'指標': '威圧度', 'スコア': 3, '確信度': 0.7773634928027751}, {'指標': '逸脱度', 'スコア': 7, '確信度': 0.7069951101876313}, {'指標': '偏り度', 'スコア': 7, '確信度': 0.5202372074153097}, {'指標': '発言無効度', 'スコア': 7, '確信度': 0.5287006938517755}]",総合(平均),6,0.63,2025-12-11T17:12:33.157026,7,0.7069951101876313,7,0.5287006938517755,3,0.7773634928027751,7,0.5202372074153097
名称未設定,1番。,"[{'指標': '偏り度', 'スコア': 3, '確信度': 0.062347582873540336}, {'指標': '威圧度', 'スコア': 3, '確信度': 0.3687442705310371}, {'指標': '逸脱度', 'スコア': 3, '確信度': 0.06842268725664885}, {'指標': '発言無効度', 'スコア': 7, '確信度': 0.07771078013972466}]",総合(平均),4,0.14,2025-12-11T17:12:35.853835,3,0.06842268725664885,7,0.07771078013972466,3,0.3687442705310371,3,0.062347582873540336
名称未設定,お尻をねみたいな。,"[{'指標': '逸脱度', 'スコア': 9, '確信度': 0.4592087584645636}, {'指標': '威圧度', 'スコア': 3, '確信度': 0.11473920124235887}, {'指標': '発言無効度', 'スコア': 9, '確信度': 0.5338216878966506}, {'指標': '偏り度', 'スコア': 9, '確信度': 0.09874720378556745}]",総合(平均),8,0.3,2025-12-11T17:12:42.327929,9,0.4592087584645636,9,0.5338216878966506,3,0.11473920124235887,9,0.09874720378556745
名称未設定,会のデータを,"[{'指標': '逸脱度', 'スコア': 7, '確信度': 0.4598039623359742}, {'指標': '偏り度', 'スコア': 7, '確信度': 0.211467779218677}, {'指標': '威圧度', 'スコア': 3, '確信度': 0.7416326897062593}, {'指標': '発言無効度', 'スコア': 7, '確信度': 0.4537974407212827}]",総合(平均),6,0.47,2025-12-11T17:12:44.482035,7,0.4598039623359742,7,0.4537974407212827,3,0.7416326897062593,7,0.211467779218677
名称未設定,ちゃんと。,"[{'指標': '偏り度', 'スコア': 7, '確信度': 0.28942655872739487}, {'指標': '逸脱度', 'スコア': 9, '確信度': 0.6576398915717565}, {'指標': '威圧度', 'スコア': 1, '確信度': 0.0}, {'指標': '発言無効度', 'スコア': 9, '確信度': 0.2852437583323939}]",総合(平均),6,0.31,2025-12-11T17:12:48.511437,9,0.6576398915717565,9,0.2852437583323939,1,0.0,7,0.28942655872739487
名称未設定,しながら,"[{'指標': '逸脱度', 'スコア': 9, '確信度': 0.5845424717198486}, {'指標': '偏り度', 'スコア': 7, '確信度': 0.4531506474025623}, {'指標': '発言無効度', 'スコア': 7, '確信度': 0.34441191739551086}, {'指標': '威圧度', 'スコア': 3, '確信度': 0.5601821657426392}]",総合(平均),6,0.49,2025-12-11T17:12:56.107166,9,0.5845424717198486,7,0.34441191739551086,3,0.5601821657426392,7,0.4531506474025623
名称未設定,そういうことやってる。,"[{'指標': '偏り度', 'スコア': 7, '確信度': 0.4292817683908937}, {'指標': '威圧度', 'スコア': 3, '確信度': 0.10358472265720248}, {'指標': '逸脱度', 'スコア': 7, '確信度': 0.29125062648494743}, {'指標': '発言無効度', 'スコア': 9, '確信度': 0.09214938134323392}]",総合(平均),6,0.23,2025-12-11T17:13:02.062514,7,0.29125062648494743,9,0.09214938134323392,3,0.10358472265720248,7,0.4292817683908937
名称未設定,話を作り出す。,"[{'指標': '威圧度', 'スコア': 3, '確信度': 0.0}, {'指標': '逸脱度', 'スコア': 9, '確信度': 0.8764437428083609}, {'指標': '発言無効度', 'スコア': 9, '確信度': 0.5839668262393134}, {'指標': '偏り度', 'スコア': 7, '確信度': 0.34688901548682116}]",総合(平均),7,0.45,2025-12-11T17:13:07.522485,9,0.8764437428083609,9,0.5839668262393134,3,0.0,7,0.34688901548682116
名称未設定,シナリオ作り込んだり。,"[{'指標': '逸脱度', 'スコア': 7, '確信度': 0.6249979963393879}, {'指標': '偏り度', 'スコア': 1, '確信度': 0.06190374579975255}, {'指標': '発言無効度', 'スコア': 8, '確信度': 0.0908767309938392}, {'指標': '威圧度', 'スコア': 1, '確信度': 0.4720362754585947}]",総合(平均),4,0.31,2025-12-11T17:13:12.594946,7,0.6249979963393879,8,0.0908767309938392,1,0.4720362754585947,1,0.06190374579975255
名称未設定,今今,"[{'指標': '逸脱度', 'スコア': 9, '確信度': 0.11434225011841986}, {'指標': '発言無効度', 'スコア': 7, '確信度': 0.274877669190983}, {'指標': '威圧度', 'スコア': 3, '確信度': 0.5317454961545413}, {'指標': '偏り度', 'スコア': 7, '確信度': 0.4748036844017939}]",総合(平均),6,0.35,2025-12-11T17:13:21.440360,9,0.11434225011841986,7,0.274877669190983,3,0.5317454961545413,7,0.4748036844017939
名称未設定,ちょっと下手。,"[{'指標': '逸脱度', 'スコア': 9, '確信度': 0.10296739657049564}, {'指標': '発言無効度', 'スコア': 7, '確信度': 0.18668667098540664}, {'指標': '威圧度', 'スコア': 3, '確信度': 0.7220901697053453}, {'指標': '偏り度', 'スコア': 7, '確信度': 0.19124814529679451}]",総合(平均),6,0.3,2025-12-11T17:13:26.319675,9,0.10296739657049564,7,0.18668667098540664,3,0.7220901697053453,7,0.19124814529679451
名称未設定,状態にある。,"[{'指標': '逸脱度', 'スコア': 7, '確信度': 0.0}, {'指標': '偏り度', 'スコア': 7, '確信度': 0.28553405957786065}, {'指標': '発言無効度', 'スコア': 7, '確信度': 0.0}, {'指標': '威圧度', 'スコア': 3, '確信度': 0.6506387688617499}]",総合(平均),6,0.23,2025-12-11T17:13:28.811796,7,0.0,7,0.0,3,0.6506387688617499,7,0.28553405957786065
名称未設定,してくれ。,"[{'指標': '逸脱度', 'スコア': 9, '確信度': 0.7736514625175633}, {'指標': '発言無効度', 'スコア': 7, '確信度': 0.18787648700665294}, {'指標': '偏り度', 'スコア': 7, '確信度': 0.28953845935006495}, {'指標': '威圧度', 'スコア': 3, '確信度': 0.14924671126778766}]",総合(平均),6,0.35,2025-12-11T17:13:31.311952,9,0.7736514625175633,7,0.18787648700665294,3,0.14924671126778766,7,0.28953845935006495
名称未設定,ところが出来上がった。,"[{'指標': '逸脱度', 'スコア': 7, '確信度': 0.4572424651053236}, {'指標': '威圧度', 'スコア': 3, '確信度': 0.789206582789573}, {'指標': '偏り度', 'スコア': 1, '確信度': 0.0}, {'指標': '発言無効度', 'スコア': 7, '確信度': 0.496142065969815}]",総合(平均),4,0.44,2025-12-11T17:13:34.136492,7,0.4572424651053236,7,0.496142065969815,3,0.789206582789573,1,0.0
名称未設定,またトライアルして。,"[{'指標': '逸脱度', 'スコア': 4, '確信度': 0.0}, {'指標': '偏り度', 'スコア': 3, '確信度': 0.23441226551555047}, {'指標': '威圧度', 'スコア': 2, '確信度': 0.0}, {'指標': '発言無効度', 'スコア': 7, '確信度': 0.3585279584422042}]",総合(平均),4,0.15,2025-12-11T17:13:36.724022,4,0.0,7,0.3585279584422042,2,0.0,3,0.23441226551555047
名称未設定,主にこの。,"[{'指標': '威圧度', 'スコア': 3, '確信度': 0.23497824795367483}, {'指標': '逸脱度', 'スコア': 7, '確信度': 0.6546278622629402}, {'指標': '偏り度', 'スコア': 7, '確信度': 0.29318263288865243}, {'指標': '発言無効度', 'スコア': 7, '確信度': 0.7368942767597243}]",総合(平均),6,0.48,2025-12-11T17:13:41.099281,7,0.6546278622629402,7,0.7368942767597243,3,0.23497824795367483,7,0.29318263288865243
名称未設定,にふえの。,"[{'指標': '威圧度', 'スコア': 3, '確信度': 0.3340673267500544}, {'指標': '逸脱度', 'スコア': 9, '確信度': 0.7644660067517357}, {'指標': '発言無効度', 'スコア': 9, '確信度': 0.19746349902124877}, {'指標': '偏り度', 'スコア': 7, '確信度': 0.0}]",総合(平均),7,0.32,2025-12-11T17:13:45.197371,9,0.7644660067517357,9,0.19746349902124877,3,0.3340673267500544,7,0.0
名称未設定,強心作用。,"[{'指標': '逸脱度', 'スコア': 9, '確信度': 0.9477854052148722}, {'指標': '偏り度', 'スコア': 9, '確信度': 0.10618446794619218}, {'指標': '発言無効度', 'スコア': 9, '確信度': 0.7295310725151352}, {'指標': '威圧度', 'スコア': 3, '確信度': 0.4258224013395824}]",総合(平均),8,0.55,2025-12-11T17:13:49.472662,9,0.9477854052148722,9,0.7295310725151352,3,0.4258224013395824,9,0.10618446794619218
名称未設定,ので。,"[{'指標': '逸脱度', 'スコア': 9, '確信度': 0.39666793091006175}, {'指標': '偏り度', 'スコア': 7, '確信度': 0.17561246110277884}, {'指標': '威圧度', 'スコア': 1, '確信度': 0.0}, {'指標': '発言無効度', 'スコア': 7, '確信度': 0.10244084170753975}]",総合(平均),6,0.17,2025-12-11T17:13:52.004927,9,0.39666793091006175,7,0.10244084170753975,1,0.0,7,0.17561246110277884
名称未設定,すいません。,"[{'指標': '逸脱度', 'スコア': 9, '確信度': 0.3366408944111066}, {'指標': '威圧度', 'スコア': 1, '確信度': 0.5836457391105849}, {'指標': '偏り度', 'スコア': 7, '確信度': 0.31719921665467704}, {'指標': '発言無効度', 'スコア': 7, '確信度': 0.6993442131308548}]",総合(平均),6,0.48,2025-12-11T17:13:54.583125,9,0.3366408944111066,7,0.6993442131308548,1,0.5836457391105849,7,0.31719921665467704
名称未設定,ありがとうございます。,"[{'指標': '逸脱度', 'スコア': 9, '確信度': 0.4860707679996688}, {'指標': '威圧度', 'スコア': 1, '確信度': 0.8006078333187282}, {'指標': '発言無効度', 'スコア': 7, '確信度': 0.17642282073400306}, {'指標': '偏り度', 'スコア': 3, '確信度': 0.5456746645462219}]",総合(平均),5,0.5,2025-12-11T17:14:06.017980,9,0.4860707679996688,7,0.17642282073400306,1,0.8006078333187282,3,0.5456746645462219
名称未設定,Nessuna.,"[{'指標': '逸脱度', 'スコア': 9, '確信度': 0.9854569382820998}, {'指標': '偏り度', 'スコア': 9, '確信度': 0.5061002579552704}, {'指標': '発言無効度', 'スコア': 9, '確信度': 0.5833283725580491}, {'指標': '威圧度', 'スコア': 1, '確信度': 0.3451371128889576}]",総合(平均),7,0.61,2025-12-11T17:14:19.685604,9,0.9854569382820998,9,0.5833283725580491,1,0.3451371128889576,9,0.5061002579552704
名称未設定,を上げて、,"[{'指標': '逸脱度', 'スコア': 7, '確信度': 0.11510422354302219}, {'指標': '偏り度', 'スコア': 7, '確信度': 0.40658312457231915}, {'指標': '発言無効度', 'スコア': 7, '確信度': 0.5082081005214257}, {'指標': '威圧度', 'スコア': 3, '確信度': 0.5768414727758715}]",総合(平均),6,0.4,2025-12-11T17:14:28.722565,7,0.11510422354302219,7,0.5082081005214257,3,0.5768414727758715,7,0.40658312457231915
名称未設定,しているので、それを。,"[{'指標': '逸脱度', 'スコア': 7, '確信度': 0.8275381478236854}, {'指標': '偏り度', 'スコア': 1, '確信度': 0.10259213664296124}, {'指標': '発言無効度', 'スコア': 7, '確信度': 0.5732037775941212}, {'指標': '威圧度', 'スコア': 3, '確信度': 0.34699545032246154}]",総合(平均),4,0.46,2025-12-11T17:14:34.495253,7,0.8275381478236854,7,0.5732037775941212,3,0.34699545032246154,1,0.10259213664296124
名称未設定,皆さんが。,"[{'指標': '逸脱度', 'スコア': 9, '確信度': 0.10657225499050238}, {'指標': '発言無効度', 'スコア': 7, '確信度': 0.6099922399898369}, {'指標': '偏り度', 'スコア': 1, '確信度': 0.6679736684876064}, {'指標': '威圧度', 'スコア': 1, '確信度': 0.8294477993192051}]",総合(平均),4,0.55,2025-12-11T17:14:40.258408,9,0.10657225499050238,7,0.6099922399898369,1,0.8294477993192051,1,0.6679736684876064
名称未設定,難しいんだよ。,"[{'指標': '偏り度', 'スコア': 7, '確信度': 0.20723156096206202}, {'指標': '逸脱度', 'スコア': 7, '確信度': 0.487211576375563}, {'指標': '発言無効度', 'スコア': 7, '確信度': 0.6470642544079634}, {'指標': '威圧度', 'スコア': 3, '確信度': 0.0}]",総合(平均),6,0.34,2025-12-11T17:14:43.466775,7,0.487211576375563,7,0.6470642544079634,3,0.0,7,0.20723156096206202
名称未設定,広美さん。,"[{'指標': '偏り度', 'スコア': 7, '確信度': 0.198243391650948}, {'指標': '発言無効度', 'スコア': 7, '確信度': 0.21863509567937256}, {'指標': '逸脱度', 'スコア': 9, '確信度': 0.22983729320305685}, {'指標': '威圧度', 'スコア': 1, '確信度': 0.5911363588863903}]",総合(平均),6,0.31,2025-12-11T17:14:45.218447,9,0.22983729320305685,7,0.21863509567937256,1,0.5911363588863903,7,0.198243391650948
名称未設定,今、ひろみさん。,"[{'指標': '逸脱度', 'スコア': 9, '確信度': 0.11690793857313425}, {'指標': '偏り度', 'スコア': 7, '確信度': 0.450085055962017}, {'指標': '威圧度', 'スコア': 3, '確信度': 0.3172720171925364}, {'指標': '発言無効度', 'スコア': 7, '確信度': 0.7077614612939247}]",総合(平均),6,0.4,2025-12-11T17:14:49.201517,9,0.11690793857313425,7,0.7077614612939247,3,0.3172720171925364,7,0.450085055962017
名称未設定,あったたたしいです,"[{'指標': '逸脱度', 'スコア': 7, '確信度': 0.0}, {'指標': '威圧度', 'スコア': 3, '確信度': 0.44636948213857364}, {'指標': '発言無効度', 'スコア': 9, '確信度': 0.28624586953668946}, {'指標': '偏り度', 'スコア': 7, '確信度': 0.24747503034770862}]",総合(平均),6,0.25,2025-12-11T17:15:13.136056,7,0.0,9,0.28624586953668946,3,0.44636948213857364,7,0.24747503034770862
名称未設定,流れは。,"[{'指標': '威圧度', 'スコア': 3, '確信度': 0.8828250279696103}, {'指標': '偏り度', 'スコア': 7, '確信度': 0.45463281519805865}, {'指標': '逸脱度', 'スコア': 9, '確信度': 0.6307820437159846}, {'指標': '発言無効度', 'スコア': 9, '確信度': 0.09224725239951487}]",総合(平均),7,0.52,2025-12-11T17:15:25.865675,9,0.6307820437159846,9,0.09224725239951487,3,0.8828250279696103,7,0.45463281519805865
名称未設定,ありがとうございます。,"[{'指標': '威圧度', 'スコア': 1, '確信度': 0.9859154373501815}, {'指標': '発言無効度', 'スコア': 7, '確信度': 0.339386845411493}, {'指標': '偏り度', 'スコア': 1, '確信度': 0.654440373556142}, {'指標': '逸脱度', 'スコア': 1, '確信度': 0.19314660054366123}]",総合(平均),2,0.54,2025-12-11T17:15:28.212462,1,0.19314660054366123,7,0.339386845411493,1,0.9859154373501815,1,0.654440373556142
名称未設定,いいんだよ。,"[{'指標': '逸脱度', 'スコア': 9, '確信度': 0.39705776312018076}, {'指標': '威圧度', 'スコア': 3, '確信度': 0.44767286005865103}, {'指標': '発言無効度', 'スコア': 9, '確信度': 0.09242351407337257}, {'指標': '偏り度', 'スコア': 7, '確信度': 0.1686158248015025}]",総合(平均),7,0.28,2025-12-11T17:15:29.921430,9,0.39705776312018076,9,0.09242351407337257,3,0.44767286005865103,7,0.1686158248015025
名称未設定,キットにあってる二つ。,"[{'指標': '威圧度', 'スコア': 3, '確信度': 0.7755487442977844}, {'指標': '逸脱度', 'スコア': 8, '確信度': 0.18883656654965048}, {'指標': '偏り度', 'スコア': 7, '確信度': 0.07086045549575634}, {'指標': '発言無効度', 'スコア': 9, '確信度': 0.2709263496865175}]",総合(平均),7,0.33,2025-12-11T17:15:33.636049,8,0.18883656654965048,9,0.2709263496865175,3,0.7755487442977844,7,0.07086045549575634
名称未設定,しながら。,"[{'指標': '偏り度', 'スコア': 1, '確信度': 0.06904311886408049}, {'指標': '威圧度', 'スコア': 3, '確信度': 0.8499930259510652}, {'指標': '発言無効度', 'スコア': 7, '確信度': 0.32577019002382984}, {'指標': '逸脱度', 'スコア': 9, '確信度': 0.18907623633059406}]",総合(平均),5,0.36,2025-12-11T17:15:36.609822,9,0.18907623633059406,7,0.32577019002382984,3,0.8499930259510652,1,0.06904311886408049
名称未設定,あれ。,"[{'指標': '偏り度', 'スコア': 7, '確信度': 0.6843068893664003}, {'指標': '逸脱度', 'スコア': 9, '確信度': 0.9203328734208654}, {'指標': '発言無効度', 'スコア': 7, '確信度': 0.31019585929675386}, {'指標': '威圧度', 'スコア': 3, '確信度': 0.7137749319195781}]",総合(平均),6,0.66,2025-12-11T17:15:49.258401,9,0.9203328734208654,7,0.31019585929675386,3,0.7137749319195781,7,0.6843068893664003
名称未設定,マックから,"[{'指標': '逸脱度', 'スコア': 9, '確信度': 0.9045415403718293}, {'指標': '発言無効度', 'スコア': 7, '確信度': 0.3290919701170486}, {'指標': '威圧度', 'スコア': 3, '確信度': 0.6129090687427285}, {'指標': '偏り度', 'スコア': 7, '確信度': 0.41914745902115114}]",総合(平均),6,0.57,2025-12-11T17:15:51.775333,9,0.9045415403718293,7,0.3290919701170486,3,0.6129090687427285,7,0.41914745902115114
名称未設定,思います。,"[{'指標': '偏り度', 'スコア': 1, '確信度': 0.0}, {'指標': '逸脱度', 'スコア': 9, '確信度': 0.45321258179932344}, {'指標': '威圧度', 'スコア': 1, '確信度': 0.536202550944584}, {'指標': '発言無効度', 'スコア': 9, '確信度': 0.2856431409440509}]",総合(平均),5,0.32,2025-12-11T17:15:54.329543,9,0.45321258179932344,9,0.2856431409440509,1,0.536202550944584,1,0.0
名称未設定,おめでとうございます。,"[{'指標': '発言無効度', 'スコア': 9, '確信度': 0.6156125869606542}, {'指標': '偏り度', 'スコア': 7, '確信度': 0.090453162173592}, {'指標': '逸脱度', 'スコア': 9, '確信度': 0.9709992133532502}, {'指標': '威圧度', 'スコア': 1, '確信度': 0.9740582062082791}]",総合(平均),6,0.66,2025-12-11T17:16:23.166668,9,0.9709992133532502,9,0.6156125869606542,1,0.9740582062082791,7,0.090453162173592
名称未設定,ドアを閉めた。,"[{'指標': '逸脱度', 'スコア': 7, '確信度': 0.48701402777990144}, {'指標': '威圧度', 'スコア': 3, '確信度': 0.3383422674206915}, {'指標': '偏り度', 'スコア': 5, '確信度': 0.0}, {'指標': '発言無効度', 'スコア': 7, '確信度': 0.18894281586088973}]",総合(平均),6,0.25,2025-12-11T17:16:32.094666,7,0.48701402777990144,7,0.18894281586088973,3,0.3383422674206915,5,0.0
名称未設定,いいのかな。,"[{'指標': '発言無効度', 'スコア': 7, '確信度': 0.6239747852238345}, {'指標': '偏り度', 'スコア': 7, '確信度': 0.10777276767922964}, {'指標': '逸脱度', 'スコア': 7, '確信度': 0.09704297668321943}, {'指標': '威圧度', 'スコア': 3, '確信度': 0.1775956717934148}]",総合(平均),6,0.25,2025-12-11T17:16:39.141432,7,0.09704297668321943,7,0.6239747852238345,3,0.1775956717934148,7,0.10777276767922964
名称未設定,これで見えてますかね？,"[{'指標': '逸脱度', 'スコア': 7, '確信度': 0.5002801393908467}, {'指標': '偏り度', 'スコア': 1, '確信度': 0.791257334944473}, {'指標': '発言無効度', 'スコア': 7, '確信度': 0.751347994380924}, {'指標': '威圧度', 'スコア': 1, '確信度': 0.90455382421854}]",総合(平均),4,0.74,2025-12-11T17:16:47.336409,7,0.5002801393908467,7,0.751347994380924,1,0.90455382421854,1,0.791257334944473
名称未設定,先ほど森川さんが紹介した。,"[{'指標': '逸脱度', 'スコア': 7, '確信度': 0.8077428611459553}, {'指標': '威圧度', 'スコア': 1, '確信度': 0.4722914805090803}, {'指標': '偏り度', 'スコア': 1, '確信度': 0.8212928467865439}, {'指標': '発言無効度', 'スコア': 7, '確信度': 0.775631548490701}]",総合(平均),4,0.72,2025-12-11T17:16:54.104771,7,0.8077428611459553,7,0.775631548490701,1,0.4722914805090803,1,0.8212928467865439
名称未設定,お適質化して,"[{'指標': '威圧度', 'スコア': 3, '確信度': 0.355449982046806}, {'指標': '逸脱度', 'スコア': 7, '確信度': 0.3697308568429324}, {'指標': '発言無効度', 'スコア': 7, '確信度': 0.4596005947905254}, {'指標': '偏り度', 'スコア': 3, '確信度': 0.09045069293299707}]",総合(平均),5,0.32,2025-12-11T17:17:00.337828,7,0.3697308568429324,7,0.4596005947905254,3,0.355449982046806,3,0.09045069293299707
名称未設定,それぞれに対して。,"[{'指標': '逸脱度', 'スコア': 9, '確信度': 0.10677149994582547}, {'指標': '発言無効度', 'スコア': 7, '確信度': 0.6993710196461651}, {'指標': '威圧度', 'スコア': 3, '確信度': 0.31706691312415014}, {'指標': '偏り度', 'スコア': 7, '確信度': 0.38376327569645585}]",総合(平均),6,0.38,2025-12-11T17:17:05.252452,9,0.10677149994582547,7,0.6993710196461651,3,0.31706691312415014,7,0.38376327569645585
名称未設定,グラフを表示する。,"[{'指標': '発言無効度', 'スコア': 7, '確信度': 0.59038554399971}, {'指標': '逸脱度', 'スコア': 7, '確信度': 0.7337387801360324}, {'指標': '威圧度', 'スコア': 3, '確信度': 0.44132691750455555}, {'指標': '偏り度', 'スコア': 5, '確信度': 0.12420307375634759}]",総合(平均),6,0.47,2025-12-11T17:17:10.582508,7,0.7337387801360324,7,0.59038554399971,3,0.44132691750455555,5,0.12420307375634759
名称未設定,動いているんですけれども。,"[{'指標': '威圧度', 'スコア': 3, '確信度': 0.6987076015708577}, {'指標': '偏り度', 'スコア': 1, '確信度': 0.8466460554262267}, {'指標': '発言無効度', 'スコア': 4, '確信度': 0.08269452844797415}, {'指標': '逸脱度', 'スコア': 1, '確信度': 0.11295125914162607}]",総合(平均),2,0.44,2025-12-11T17:17:17.598507,1,0.11295125914162607,4,0.08269452844797415,3,0.6987076015708577,1,0.8466460554262267
名称未設定,目的を,"[{'指標': '逸脱度', 'スコア': 7, '確信度': 0.5655326647307848}, {'指標': '偏り度', 'スコア': 1, '確信度': 0.4885309862330669}, {'指標': '威圧度', 'スコア': 1, '確信度': 0.5806510554649704}, {'指標': '発言無効度', 'スコア': 7, '確信度': 0.0}]",総合(平均),4,0.41,2025-12-11T17:17:20.101709,7,0.5655326647307848,7,0.0,1,0.5806510554649704,1,0.4885309862330669
名称未設定,それに対して,"[{'指標': '逸脱度', 'スコア': 7, '確信度': 0.506870106575946}, {'指標': '威圧度', 'スコア': 1, '確信度': 0.7803946577110324}, {'指標': '偏り度', 'スコア': 1, '確信度': 0.0}, {'指標': '発言無効度', 'スコア': 7, '確信度': 0.542509096577825}]",総合(平均),4,0.46,2025-12-11T17:17:22.612326,7,0.506870106575946,7,0.542509096577825,1,0.7803946577110324,1,0.0
名称未設定,音声をテキスト化した。,"[{'指標': '逸脱度', 'スコア': 3, '確信度': 0.5830341819227369}, {'指標': '威圧度', 'スコア': 1, '確信度': 0.3316350573639963}, {'指標': '発言無効度', 'スコア': 7, '確信度': 0.2023121611199129}, {'指標': '偏り度', 'スコア': 1, '確信度': 0.8018594289525199}]",総合(平均),3,0.48,2025-12-11T17:17:25.337925,3,0.5830341819227369,7,0.2023121611199129,1,0.3316350573639963,1,0.8018594289525199
名称未設定,このようにグラフ表示。,"[{'指標': '威圧度', 'スコア': 1, '確信度': 0.7414907513828595}, {'指標': '偏り度', 'スコア': 1, '確信度': 0.9275236977307111}, {'指標': '逸脱度', 'スコア': 1, '確信度': 0.8395411050031392}, {'指標': '発言無効度', 'スコア': 4, '確信度': 0.2573587485253953}]",総合(平均),2,0.69,2025-12-11T17:17:31.038680,1,0.8395411050031392,4,0.2573587485253953,1,0.7414907513828595,1,0.9275236977307111
名称未設定,現在,"[{'指標': '逸脱度', 'スコア': 1, '確信度': 0.08791743210439623}, {'指標': '威圧度', 'スコア': 3, '確信度': 0.3022217711330324}, {'指標': '発言無効度', 'スコア': 4, '確信度': 0.1451291791263729}, {'指標': '偏り度', 'スコア': 1, '確信度': 0.48673338468642857}]",総合(平均),2,0.26,2025-12-11T17:17:37.471033,1,0.08791743210439623,4,0.1451291791263729,3,0.3022217711330324,1,0.48673338468642857
名称未設定,音声をテキストにする段階でかなり。,"[{'指標': '発言無効度', 'スコア': 7, '確信度': 0.2864715467076113}, {'指標': '逸脱度', 'スコア': 3, '確信度': 0.47132680003076044}, {'指標': '偏り度', 'スコア': 1, '確信度': 0.6346301044812438}, {'指標': '威圧度', 'スコア': 3, '確信度': 0.5720341877845756}]",総合(平均),4,0.49,2025-12-11T17:17:43.477082,3,0.47132680003076044,7,0.2864715467076113,3,0.5720341877845756,1,0.6346301044812438
名称未設定,緊張した評価だ。,"[{'指標': '逸脱度', 'スコア': 7, '確信度': 0.2604386348291267}, {'指標': '発言無効度', 'スコア': 7, '確信度': 0.3169573807199595}, {'指標': '偏り度', 'スコア': 3, '確信度': 0.5567220977465249}, {'指標': '威圧度', 'スコア': 3, '確信度': 0.5341443775443907}]",総合(平均),5,0.42,2025-12-11T17:17:46.099037,7,0.2604386348291267,7,0.3169573807199595,3,0.5341443775443907,3,0.5567220977465249
名称未設定,いないなです。,"[{'指標': '逸脱度', 'スコア': 9, '確信度': 0.8251989788658155}, {'指標': '偏り度', 'スコア': 9, '確信度': 0.20249712375978113}, {'指標': '威圧度', 'スコア': 1, '確信度': 0.23949294334758797}, {'指標': '発言無効度', 'スコア': 9, '確信度': 0.3393744200021007}]",総合(平均),7,0.4,2025-12-11T17:17:48.933330,9,0.8251989788658155,9,0.3393744200021007,1,0.23949294334758797,9,0.20249712375978113
名称未設定,そこも改善している。,"[{'指標': '発言無効度', 'スコア': 4, '確信度': 0.4584649737562341}, {'指標': '威圧度', 'スコア': 1, '確信度': 0.11555609248890786}, {'指標': '偏り度', 'スコア': 1, '確信度': 0.9606613583223642}, {'指標': '逸脱度', 'スコア': 1, '確信度': 0.0}]",総合(平均),2,0.38,2025-12-11T17:17:51.870828,1,0.0,4,0.4584649737562341,1,0.11555609248890786,1,0.9606613583223642
名称未設定,シナリオ作成システム,"[{'指標': '威圧度', 'スコア': 1, '確信度': 0.09194096711141758}, {'指標': '発言無効度', 'スコア': 5, '確信度': 0.06903544838856496}, {'指標': '偏り度', 'スコア': 3, '確信度': 0.15760411325811813}, {'指標': '逸脱度', 'スコア': 7, '確信度': 0.4413531760468524}]",総合(平均),4,0.19,2025-12-11T17:17:58.714945,7,0.4413531760468524,5,0.06903544838856496,1,0.09194096711141758,3,0.15760411325811813
名称未設定,こちらになっ,"[{'指標': '偏り度', 'スコア': 3, '確信度': 0.20726242796281563}, {'指標': '逸脱度', 'スコア': 3, '確信度': 0.08700666772987764}, {'指標': '威圧度', 'スコア': 3, '確信度': 0.38191189931159564}, {'指標': '発言無効度', 'スコア': 7, '確信度': 0.5322639479855216}]",総合(平均),4,0.3,2025-12-11T17:18:01.166764,3,0.08700666772987764,7,0.5322639479855216,3,0.38191189931159564,3,0.20726242796281563
名称未設定,会議の目的,"[{'指標': '威圧度', 'スコア': 1, '確信度': 0.8611008145431887}, {'指標': '逸脱度', 'スコア': 1, '確信度': 0.9955153705297368}, {'指標': '発言無効度', 'スコア': 9, '確信度': 0.32644424357585716}, {'指標': '偏り度', 'スコア': 1, '確信度': 0.278566282479758}]",総合(平均),3,0.62,2025-12-11T17:18:05.990090,1,0.9955153705297368,9,0.32644424357585716,1,0.8611008145431887,1,0.278566282479758
名称未設定,参加者のプロフィールって。,"[{'指標': '威圧度', 'スコア': 3, '確信度': 0.49516324598335376}, {'指標': '逸脱度', 'スコア': 8, '確信度': 0.09808266036776742}, {'指標': '偏り度', 'スコア': 7, '確信度': 0.15870025331843504}, {'指標': '発言無効度', 'スコア': 8, '確信度': 0.0}]",総合(平均),6,0.19,2025-12-11T17:18:09.677177,8,0.09808266036776742,8,0.0,3,0.49516324598335376,7,0.15870025331843504
名称未設定,別に格納してあるんですけれども。,"[{'指標': '発言無効度', 'スコア': 7, '確信度': 0.7173036333651092}, {'指標': '逸脱度', 'スコア': 7, '確信度': 0.8755573545321576}, {'指標': '威圧度', 'スコア': 3, '確信度': 0.2701597042359967}, {'指標': '偏り度', 'スコア': 3, '確信度': 0.14900635784010566}]",総合(平均),5,0.5,2025-12-11T17:18:14.513134,7,0.8755573545321576,7,0.7173036333651092,3,0.2701597042359967,3,0.14900635784010566
名称未設定,参加者のプロフィールを選択して。,"[{'指標': '威圧度', 'スコア': 3, '確信度': 0.8468052256312064}, {'指標': '発言無効度', 'スコア': 7, '確信度': 0.41735033156603574}, {'指標': '偏り度', 'スコア': 5, '確信度': 0.1312698160945474}, {'指標': '逸脱度', 'スコア': 7, '確信度': 0.10357865662302251}]",総合(平均),6,0.37,2025-12-11T17:18:18.365794,7,0.10357865662302251,7,0.41735033156603574,3,0.8468052256312064,5,0.1312698160945474
名称未設定,選んでシナリオ作成。,"[{'指標': '威圧度', 'スコア': 1, '確信度': 0.18829889719274484}, {'指標': '偏り度', 'スコア': 3, '確信度': 0.09863584551474003}, {'指標': '発言無効度', 'スコア': 4, '確信度': 0.5101839708622979}, {'指標': '逸脱度', 'スコア': 1, '確信度': 0.31020340488368087}]",総合(平均),2,0.28,2025-12-11T17:18:22.200170,1,0.31020340488368087,4,0.5101839708622979,1,0.18829889719274484,3,0.09863584551474003
名称未設定,シナリオができて、,"[{'指標': '逸脱度', 'スコア': 1, '確信度': 0.9678582461076083}, {'指標': '発言無効度', 'スコア': 4, '確信度': 0.2266901925445428}, {'指標': '威圧度', 'スコア': 1, '確信度': 0.9078069577549257}, {'指標': '偏り度', 'スコア': 1, '確信度': 0.723727918919683}]",総合(平均),2,0.71,2025-12-11T17:18:24.733313,1,0.9678582461076083,4,0.2266901925445428,1,0.9078069577549257,1,0.723727918919683
名称未設定,対して,"[{'指標': '威圧度', 'スコア': 1, '確信度': 0.7337129131221104}, {'指標': '逸脱度', 'スコア': 7, '確信度': 0.10030723788048862}, {'指標': '発言無効度', 'スコア': 7, '確信度': 0.4438312689119398}, {'指標': '偏り度', 'スコア': 1, '確信度': 0.5137577742085149}]",総合(平均),4,0.45,2025-12-11T17:18:26.515418,7,0.10030723788048862,7,0.4438312689119398,1,0.7337129131221104,1,0.5137577742085149
名称未設定,自動でアノテーション。,"[{'指標': '逸脱度', 'スコア': 1, '確信度': 0.21265729006865958}, {'指標': '発言無効度', 'スコア': 4, '確信度': 0.2542643253069736}, {'指標': '偏り度', 'スコア': 1, '確信度': 0.5175736546665951}, {'指標': '威圧度', 'スコア': 1, '確信度': 0.5378880889476704}]",総合(平均),2,0.38,2025-12-11T17:18:31.400473,1,0.21265729006865958,4,0.2542643253069736,1,0.5378880889476704,1,0.5175736546665951
名称未設定,フォーラムでデモをするときにシナリオ。,"[{'指標': '逸脱度', 'スコア': 3, '確信度': 0.28145652571435464}, {'指標': '偏り度', 'スコア': 1, '確信度': 0.7196430865091386}, {'指標': '威圧度', 'スコア': 3, '確信度': 0.92987320372277}, {'指標': '発言無効度', 'スコア': 7, '確信度': 0.1579464186796005}]",総合(平均),4,0.52,2025-12-11T17:18:39.594244,3,0.28145652571435464,7,0.1579464186796005,3,0.92987320372277,1,0.7196430865091386
名称未設定,育成しなきゃいけないということで。,"[{'指標': '威圧度', 'スコア': 3, '確信度': 0.5742901601214313}, {'指標': '偏り度', 'スコア': 7, '確信度': 0.1486164442295047}, {'指標': '発言無効度', 'スコア': 7, '確信度': 0.3097162180616358}, {'指標': '逸脱度', 'スコア': 7, '確信度': 0.6554025888862353}]",総合(平均),6,0.42,2025-12-11T17:18:44.062989,7,0.6554025888862353,7,0.3097162180616358,3,0.5742901601214313,7,0.1486164442295047
名称未設定,です。,"[{'指標': '発言無効度', 'スコア': 7, '確信度': 0.19531431023461826}, {'指標': '威圧度', 'スコア': 2, '確信度': 0.0}, {'指標': '逸脱度', 'スコア': 7, '確信度': 0.0}, {'指標': '偏り度', 'スコア': 3, '確信度': 0.4911540631809171}]",総合(平均),5,0.17,2025-12-11T17:18:48.009102,7,0.0,7,0.19531431023461826,2,0.0,3,0.4911540631809171
名称未設定,アノテーションして、,"[{'指標': '逸脱度', 'スコア': 1, '確信度': 0.21967409546823985}, {'指標': '発言無効度', 'スコア': 4, '確信度': 0.21447032980794506}, {'指標': '偏り度', 'スコア': 1, '確信度': 0.9065223451570381}, {'指標': '威圧度', 'スコア': 1, '確信度': 0.43919158767919786}]",総合(平均),2,0.44,2025-12-11T17:18:50.536893,1,0.21967409546823985,4,0.21447032980794506,1,0.43919158767919786,1,0.9065223451570381
名称未設定,システムでシナリオを作る。,"[{'指標': '威圧度', 'スコア': 3, '確信度': 0.10639670419864089}, {'指標': '逸脱度', 'スコア': 2, '確信度': 0.020505765196632837}, {'指標': '偏り度', 'スコア': 1, '確信度': 0.7864866264516851}, {'指標': '発言無効度', 'スコア': 3, '確信度': 0.07017964861352571}]",総合(平均),2,0.25,2025-12-11T17:18:53.853353,2,0.020505765196632837,3,0.07017964861352571,3,0.10639670419864089,1,0.7864866264516851
名称未設定,アノテーションし直して、,"[{'指標': '逸脱度', 'スコア': 1, '確信度': 0.8429765543583394}, {'指標': '発言無効度', 'スコア': 4, '確信度': 0.6846444028381744}, {'指標': '威圧度', 'スコア': 3, '確信度': 0.1884218855150981}, {'指標': '偏り度', 'スコア': 1, '確信度': 0.8761576504453304}]",総合(平均),2,0.65,2025-12-11T17:18:58.914028,1,0.8429765543583394,4,0.6846444028381744,3,0.1884218855150981,1,0.8761576504453304
名称未設定,ナリオンの発言。,"[{'指標': '逸脱度', 'スコア': 7, '確信度': 0.37933069616060144}, {'指標': '発言無効度', 'スコア': 9, '確信度': 0.6115410554755943}, {'指標': '偏り度', 'スコア': 7, '確信度': 0.05815243874697468}, {'指標': '威圧度', 'スコア': 3, '確信度': 0.5281791811578924}]",総合(平均),6,0.39,2025-12-11T17:19:01.364200,7,0.37933069616060144,9,0.6115410554755943,3,0.5281791811578924,7,0.05815243874697468
名称未設定,ミーティング評価システム,"[{'指標': '威圧度', 'スコア': 1, '確信度': 0.6399251190023039}, {'指標': '発言無効度', 'スコア': 7, '確信度': 0.07378879201088145}, {'指標': '偏り度', 'スコア': 3, '確信度': 0.41572561561598376}, {'指標': '逸脱度', 'スコア': 3, '確信度': 0.13745824528692108}]",総合(平均),4,0.32,2025-12-11T17:19:10.732434,3,0.13745824528692108,7,0.07378879201088145,1,0.6399251190023039,3,0.41572561561598376
名称未設定,合ってるかどうか、この指標の評価が。,"[{'指標': '逸脱度', 'スコア': 7, '確信度': 0.0}, {'指標': '発言無効度', 'スコア': 7, '確信度': 0.4878049718536429}, {'指標': '威圧度', 'スコア': 3, '確信度': 0.7870166231447326}, {'指標': '偏り度', 'スコア': 3, '確信度': 0.05673615378457467}]",総合(平均),5,0.33,2025-12-11T17:19:17.061339,7,0.0,7,0.4878049718536429,3,0.7870166231447326,3,0.05673615378457467
名称未設定,こんな感じでよいでしょうか。,"[{'指標': '威圧度', 'スコア': 1, '確信度': 0.1887270716153696}, {'指標': '逸脱度', 'スコア': 7, '確信度': 0.07918603590698126}, {'指標': '発言無効度', 'スコア': 7, '確信度': 0.22121586581348018}, {'指標': '偏り度', 'スコア': 1, '確信度': 0.10451307275299448}]",総合(平均),4,0.15,2025-12-11T17:19:22.991323,7,0.07918603590698126,7,0.22121586581348018,1,0.1887270716153696,1,0.10451307275299448
名称未設定,おくえれいびゃいただいております。,"[{'指標': '威圧度', 'スコア': 3, '確信度': 0.11305466928956298}, {'指標': '偏り度', 'スコア': 7, '確信度': 0.3153635355411887}, {'指標': '逸脱度', 'スコア': 9, '確信度': 0.48824089270052795}, {'指標': '発言無効度', 'スコア': 7, '確信度': 0.0}]",総合(平均),6,0.23,2025-12-11T17:19:31.079720,9,0.48824089270052795,7,0.0,3,0.11305466928956298,7,0.3153635355411887
名称未設定,わかった。,"[{'指標': '逸脱度', 'スコア': 9, '確信度': 0.42901202845786784}, {'指標': '威圧度', 'スコア': 3, '確信度': 0.28022671441817326}, {'指標': '偏り度', 'スコア': 3, '確信度': 0.17646973802293953}, {'指標': '発言無効度', 'スコア': 7, '確信度': 0.20944571994320274}]",総合(平均),6,0.27,2025-12-11T17:19:33.310014,9,0.42901202845786784,7,0.20944571994320274,3,0.28022671441817326,3,0.17646973802293953
名称未設定,俺俺。,"[{'指標': '逸脱度', 'スコア': 9, '確信度': 0.936592354329762}, {'指標': '偏り度', 'スコア': 9, '確信度': 0.5846716308116323}, {'指標': '威圧度', 'スコア': 7, '確信度': 0.2993822665648901}, {'指標': '発言無効度', 'スコア': 9, '確信度': 0.6674227467730587}]",総合(平均),8,0.62,2025-12-11T17:19:39.293176,9,0.936592354329762,9,0.6674227467730587,7,0.2993822665648901,9,0.5846716308116323
名称未設定,大事なところとして、脅迫。,"[{'指標': '偏り度', 'スコア': 9, '確信度': 0.09792981398638145}, {'指標': '威圧度', 'スコア': 7, '確信度': 0.22667679066191312}, {'指標': '発言無効度', 'スコア': 8, '確信度': 0.10291074320587074}, {'指標': '逸脱度', 'スコア': 9, '確信度': 0.8063148017972546}]",総合(平均),8,0.31,2025-12-11T17:19:42.870846,9,0.8063148017972546,8,0.10291074320587074,7,0.22667679066191312,9,0.09792981398638145
名称未設定,精神的には、,"[{'指標': '威圧度', 'スコア': 3, '確信度': 0.07442412455026437}, {'指標': '発言無効度', 'スコア': 9, '確信度': 0.19870916645366382}, {'指標': '偏り度', 'スコア': 7, '確信度': 0.18925519558222004}, {'指標': '逸脱度', 'スコア': 9, '確信度': 0.7646531881942266}]",総合(平均),7,0.31,2025-12-11T17:19:44.765735,9,0.7646531881942266,9,0.19870916645366382,3,0.07442412455026437,7,0.18925519558222004
名称未設定,これを制限化させて,"[{'指標': '偏り度', 'スコア': 7, '確信度': 0.43624110506876196}, {'指標': '逸脱度', 'スコア': 7, '確信度': 0.09616302408259031}, {'指標': '威圧度', 'スコア': 7, '確信度': 0.36767036722338675}, {'指標': '発言無効度', 'スコア': 7, '確信度': 0.5098756938155001}]",総合(平均),7,0.35,2025-12-11T17:19:49.963804,7,0.09616302408259031,7,0.5098756938155001,7,0.36767036722338675,7,0.43624110506876196
名称未設定,プロジェクトだった。,"[{'指標': '逸脱度', 'スコア': 8, '確信度': 0.0}, {'指標': '威圧度', 'スコア': 3, '確信度': 0.5911106073547225}, {'指標': '偏り度', 'スコア': 7, '確信度': 0.0}, {'指標': '発言無効度', 'スコア': 7, '確信度': 0.21589760669306346}]",総合(平均),6,0.2,2025-12-11T17:19:56.517790,8,0.0,7,0.21589760669306346,3,0.5911106073547225,7,0.0
名称未設定,そうですね。,"[{'指標': '逸脱度', 'スコア': 9, '確信度': 0.20560622452251504}, {'指標': '威圧度', 'スコア': 1, '確信度': 0.22098870860643655}, {'指標': '偏り度', 'スコア': 7, '確信度': 0.0}, {'指標': '発言無効度', 'スコア': 7, '確信度': 0.2672509887426769}]",総合(平均),6,0.17,2025-12-11T17:20:27.797878,9,0.20560622452251504,7,0.2672509887426769,1,0.22098870860643655,7,0.0
名称未設定,こういうのでいい。,"[{'指標': '発言無効度', 'スコア': 7, '確信度': 0.20902833931286757}, {'指標': '逸脱度', 'スコア': 9, '確信度': 0.5348415636872235}, {'指標': '偏り度', 'スコア': 7, '確信度': 0.2793588449285744}, {'指標': '威圧度', 'スコア': 1, '確信度': 0.2989584795535667}]",総合(平均),6,0.33,2025-12-11T17:20:30.275571,9,0.5348415636872235,7,0.20902833931286757,1,0.2989584795535667,7,0.2793588449285744
名称未設定,文字起こしして、,"[{'指標': '発言無効度', 'スコア': 7, '確信度': 0.5083604428981324}, {'指標': '威圧度', 'スコア': 3, '確信度': 0.0}, {'指標': '偏り度', 'スコア': 7, '確信度': 0.6906963422021589}, {'指標': '逸脱度', 'スコア': 7, '確信度': 0.11747609873407672}]",総合(平均),6,0.33,2025-12-11T17:20:35.701991,7,0.11747609873407672,7,0.5083604428981324,3,0.0,7,0.6906963422021589
名称未設定,えっと。,"[{'指標': '偏り度', 'スコア': 9, '確信度': 0.31760146446407345}, {'指標': '威圧度', 'スコア': 3, '確信度': 0.6612574206163064}, {'指標': '逸脱度', 'スコア': 9, '確信度': 0.5364494658627437}, {'指標': '発言無効度', 'スコア': 9, '確信度': 0.21457990886165018}]",総合(平均),8,0.43,2025-12-11T17:20:38.698931,9,0.5364494658627437,9,0.21457990886165018,3,0.6612574206163064,9,0.31760146446407345
名称未設定,自治体の意欲。,"[{'指標': '偏り度', 'スコア': 9, '確信度': 0.19312571188316519}, {'指標': '逸脱度', 'スコア': 9, '確信度': 0.2375385660783464}, {'指標': '発言無効度', 'スコア': 9, '確信度': 0.4202932906136508}, {'指標': '威圧度', 'スコア': 3, '確信度': 0.625394789881915}]",総合(平均),8,0.37,2025-12-11T17:20:55.524062,9,0.2375385660783464,9,0.4202932906136508,3,0.625394789881915,9,0.19312571188316519
名称未設定,時には、,"[{'指標': '威圧度', 'スコア': 7, '確信度': 0.2661303078402676}, {'指標': '逸脱度', 'スコア': 9, '確信度': 0.22417280369633974}, {'指標': '偏り度', 'スコア': 9, '確信度': 0.2855095548271804}, {'指標': '発言無効度', 'スコア': 7, '確信度': 0.6567748616169979}]",総合(平均),8,0.36,2025-12-11T17:20:57.466648,9,0.22417280369633974,7,0.6567748616169979,7,0.2661303078402676,9,0.2855095548271804
名称未設定,おかしで。,"[{'指標': '逸脱度', 'スコア': 9, '確信度': 0.7570945738766026}, {'指標': '発言無効度', 'スコア': 7, '確信度': 0.09225399077713214}, {'指標': '威圧度', 'スコア': 3, '確信度': 0.5967449237078762}, {'指標': '偏り度', 'スコア': 7, '確信度': 0.41366248359587676}]",総合(平均),6,0.46,2025-12-11T17:21:02.329502,9,0.7570945738766026,7,0.09225399077713214,3,0.5967449237078762,7,0.41366248359587676
名称未設定,そうですね。,"[{'指標': '偏り度', 'スコア': 1, '確信度': 0.22546002573624088}, {'指標': '逸脱度', 'スコア': 9, '確信度': 0.42044077855935047}, {'指標': '威圧度', 'スコア': 1, '確信度': 0.9016302603832461}, {'指標': '発言無効度', 'スコア': 7, '確信度': 0.6586169828566917}]",総合(平均),4,0.55,2025-12-11T17:22:23.555261,9,0.42044077855935047,7,0.6586169828566917,1,0.9016302603832461,1,0.22546002573624088
名称未設定,理由の整理をしたとき。,"[{'指標': '威圧度', 'スコア': 3, '確信度': 0.7362655220390618}, {'指標': '偏り度', 'スコア': 1, '確信度': 0.2862564341845595}, {'指標': '逸脱度', 'スコア': 9, '確信度': 0.08608469068503377}, {'指標': '発言無効度', 'スコア': 7, '確信度': 0.18190782283372986}]",総合(平均),5,0.32,2025-12-11T17:22:28.014685,9,0.08608469068503377,7,0.18190782283372986,3,0.7362655220390618,1,0.2862564341845595
名称未設定,社会心理学。,"[{'指標': '発言無効度', 'スコア': 9, '確信度': 0.22618618607067154}, {'指標': '逸脱度', 'スコア': 8, '確信度': 0.05341509119772029}, {'指標': '偏り度', 'スコア': 5, '確信度': 0.0}, {'指標': '威圧度', 'スコア': 3, '確信度': 0.20339410205406505}]",総合(平均),6,0.12,2025-12-11T17:22:31.277758,8,0.05341509119772029,9,0.22618618607067154,3,0.20339410205406505,5,0.0
名称未設定,関連しよう。,"[{'指標': '発言無効度', 'スコア': 8, '確信度': 0.0}, {'指標': '逸脱度', 'スコア': 8, '確信度': 0.023273084602170376}, {'指標': '威圧度', 'スコア': 3, '確信度': 0.631148764855348}, {'指標': '偏り度', 'スコア': 1, '確信度': 0.6162209774388369}]",総合(平均),5,0.32,2025-12-11T17:22:46.657716,8,0.023273084602170376,8,0.0,3,0.631148764855348,1,0.6162209774388369
名称未設定,ただの映画。,"[{'指標': '威圧度', 'スコア': 1, '確信度': 0.0}, {'指標': '偏り度', 'スコア': 1, '確信度': 0.0}, {'指標': '逸脱度', 'スコア': 7, '確信度': 0.0002849138331868535}, {'指標': '発言無効度', 'スコア': 9, '確信度': 0.4414618724765559}]",総合(平均),4,0.11,2025-12-11T17:22:58.185439,7,0.0002849138331868535,9,0.4414618724765559,1,0.0,1,0.0
名称未設定,見せして。,"[{'指標': '逸脱度', 'スコア': 9, '確信度': 0.7649519339444522}, {'指標': '偏り度', 'スコア': 9, '確信度': 0.29728244200137405}, {'指標': '威圧度', 'スコア': 3, '確信度': 0.41579206592446444}, {'指標': '発言無効度', 'スコア': 9, '確信度': 0.09800852069134985}]",総合(平均),8,0.39,2025-12-11T17:23:01.638638,9,0.7649519339444522,9,0.09800852069134985,3,0.41579206592446444,9,0.29728244200137405
名称未設定,森山。,"[{'指標': '逸脱度', 'スコア': 9, '確信度': 0.9797326692688214}, {'指標': '威圧度', 'スコア': 3, '確信度': 0.21884795422840675}, {'指標': '発言無効度', 'スコア': 9, '確信度': 0.6307085072152081}, {'指標': '偏り度', 'スコア': 9, '確信度': 0.21988937395836428}]",総合(平均),8,0.51,2025-12-11T17:23:03.902829,9,0.9797326692688214,9,0.6307085072152081,3,0.21884795422840675,9,0.21988937395836428
名称未設定,自治体に,"[{'指標': '逸脱度', 'スコア': 9, '確信度': 0.6302671676711152}, {'指標': '偏り度', 'スコア': 7, '確信度': 0.30688370060177517}, {'指標': '威圧度', 'スコア': 1, '確信度': 0.0}, {'指標': '発言無効度', 'スコア': 9, '確信度': 0.5279110676115091}]",総合(平均),6,0.37,2025-12-11T17:23:07.576497,9,0.6302671676711152,9,0.5279110676115091,1,0.0,7,0.30688370060177517
名称未設定,自信会議をつくる。,"[{'指標': '発言無効度', 'スコア': 9, '確信度': 0.4414281928933901}, {'指標': '威圧度', 'スコア': 1, '確信度': 0.7078746016520371}, {'指標': '偏り度', 'スコア': 9, '確信度': 0.1765291713840087}, {'指標': '逸脱度', 'スコア': 9, '確信度': 0.845076315786984}]",総合(平均),7,0.54,2025-12-11T17:23:19.508260,9,0.845076315786984,9,0.4414281928933901,1,0.7078746016520371,9,0.1765291713840087
名称未設定,やんちゅんぼねきる。,"[{'指標': '偏り度', 'スコア': 9, '確信度': 0.3815173083158173}, {'指標': '逸脱度', 'スコア': 7, '確信度': 0.0004167258785251335}, {'指標': '威圧度', 'スコア': 3, '確信度': 0.11342020716271195}, {'指標': '発言無効度', 'スコア': 9, '確信度': 0.5124559340099806}]",総合(平均),7,0.25,2025-12-11T17:23:22.514728,7,0.0004167258785251335,9,0.5124559340099806,3,0.11342020716271195,9,0.3815173083158173
名称未設定,みたいなんてちょっと。,"[{'指標': '威圧度', 'スコア': 3, '確信度': 0.6719707104620156}, {'指標': '発言無効度', 'スコア': 8, '確信度': 0.26271811247707083}, {'指標': '逸脱度', 'スコア': 9, '確信度': 0.11886089106572045}, {'指標': '偏り度', 'スコア': 7, '確信度': 0.14018744708198388}]",総合(平均),7,0.3,2025-12-11T17:23:24.148130,9,0.11886089106572045,8,0.26271811247707083,3,0.6719707104620156,7,0.14018744708198388
名称未設定,そこで気を一度出してくれるような。,"[{'指標': '逸脱度', 'スコア': 8, '確信度': 0.0}, {'指標': '発言無効度', 'スコア': 9, '確信度': 0.6954355600394876}, {'指標': '威圧度', 'スコア': 3, '確信度': 0.45915573099905294}, {'指標': '偏り度', 'スコア': 7, '確信度': 0.2901903302568139}]",総合(平均),7,0.36,2025-12-11T17:23:29.315735,8,0.0,9,0.6954355600394876,3,0.45915573099905294,7,0.2901903302568139
名称未設定,ああ。,"[{'指標': '偏り度', 'スコア': 9, '確信度': 0.41985248623214977}, {'指標': '威圧度', 'スコア': 3, '確信度': 0.768653061794118}, {'指標': '逸脱度', 'スコア': 8, '確信度': 0.028603064503019148}, {'指標': '発言無効度', 'スコア': 8, '確信度': 0.010651608586650423}]",総合(平均),7,0.31,2025-12-11T17:23:52.124576,8,0.028603064503019148,8,0.010651608586650423,3,0.768653061794118,9,0.41985248623214977
名称未設定,言うよ。,"[{'指標': '逸脱度', 'スコア': 8, '確信度': 0.010891360171362614}, {'指標': '威圧度', 'スコア': 3, '確信度': 0.27638953336448013}, {'指標': '偏り度', 'スコア': 9, '確信度': 0.22552802287936485}, {'指標': '発言無効度', 'スコア': 9, '確信度': 0.8107451632925828}]",総合(平均),7,0.33,2025-12-11T17:24:14.638292,8,0.010891360171362614,9,0.8107451632925828,3,0.27638953336448013,9,0.22552802287936485
名称未設定,ペロペロペロ。,"[{'指標': '偏り度', 'スコア': 9, '確信度': 0.8105667042662477}, {'指標': '威圧度', 'スコア': 3, '確信度': 0.226368937535263}, {'指標': '発言無効度', 'スコア': 8, '確信度': 0.059379436667456695}, {'指標': '逸脱度', 'スコア': 8, '確信度': 0.029216200804463282}]",総合(平均),7,0.28,2025-12-11T17:24:32.674175,8,0.029216200804463282,8,0.059379436667456695,3,0.226368937535263,9,0.8105667042662477
名称未設定,返します。,"[{'指標': '発言無効度', 'スコア': 9, '確信度': 0.47066757826271044}, {'指標': '威圧度', 'スコア': 1, '確信度': 0.09938801765529959}, {'指標': '偏り度', 'スコア': 9, '確信度': 0.09546554857684258}, {'指標': '逸脱度', 'スコア': 9, '確信度': 0.8551418584994265}]",総合(平均),7,0.38,2025-12-11T17:24:43.157581,9,0.8551418584994265,9,0.47066757826271044,1,0.09938801765529959,9,0.09546554857684258
名称未設定,まだ有楽。,"[{'指標': '偏り度', 'スコア': 7, '確信度': 0.18663447458248605}, {'指標': '発言無効度', 'スコア': 9, '確信度': 0.6198026868519411}, {'指標': '逸脱度', 'スコア': 9, '確信度': 0.9334581671553299}, {'指標': '威圧度', 'スコア': 3, '確信度': 0.11318321340467175}]",総合(平均),7,0.46,2025-12-11T17:24:48.360415,9,0.9334581671553299,9,0.6198026868519411,3,0.11318321340467175,7,0.18663447458248605
名称未設定,ミーティングサイズ会議にしなべてもらう。,"[{'指標': '逸脱度', 'スコア': 9, '確信度': 0.6034973754803123}, {'指標': '威圧度', 'スコア': 3, '確信度': 0.4580591907684082}, {'指標': '発言無効度', 'スコア': 7, '確信度': 0.0}, {'指標': '偏り度', 'スコア': 9, '確信度': 0.09606552192676321}]",総合(平均),7,0.29,2025-12-11T17:24:54.940751,9,0.6034973754803123,7,0.0,3,0.4580591907684082,9,0.09606552192676321
名称未設定,いないないない。,"[{'指標': '逸脱度', 'スコア': 7, '確信度': 0.01793522590312204}, {'指標': '威圧度', 'スコア': 1, '確信度': 0.0}, {'指標': '発言無効度', 'スコア': 8, '確信度': 0.17594418545746593}, {'指標': '偏り度', 'スコア': 9, '確信度': 0.37965560341998306}]",総合(平均),6,0.14,2025-12-11T17:25:02.210179,7,0.01793522590312204,8,0.17594418545746593,1,0.0,9,0.37965560341998306
名称未設定,言う。,"[{'指標': '逸脱度', 'スコア': 9, '確信度': 0.8956229261810392}, {'指標': '発言無効度', 'スコア': 9, '確信度': 0.8340414718032048}, {'指標': '威圧度', 'スコア': 1, '確信度': 0.44845350854931404}, {'指標': '偏り度', 'スコア': 9, '確信度': 0.5708454778714352}]",総合(平均),7,0.69,2025-12-11T17:25:04.755653,9,0.8956229261810392,9,0.8340414718032048,1,0.44845350854931404,9,0.5708454778714352
名称未設定,内容はだいたい。,"[{'指標': '逸脱度', 'スコア': 9, '確信度': 0.6035294114032299}, {'指標': '偏り度', 'スコア': 9, '確信度': 0.18758998411902056}, {'指標': '威圧度', 'スコア': 3, '確信度': 0.8655825274442226}, {'指標': '発言無効度', 'スコア': 9, '確信度': 0.6812974572052647}]",総合(平均),8,0.58,2025-12-11T17:25:09.511459,9,0.6035294114032299,9,0.6812974572052647,3,0.8655825274442226,9,0.18758998411902056
名称未設定,私がの。,"[{'指標': '偏り度', 'スコア': 9, '確信度': 0.40855624035754434}, {'指標': '威圧度', 'スコア': 3, '確信度': 0.8605496297114822}, {'指標': '発言無効度', 'スコア': 9, '確信度': 0.5212167622865347}, {'指標': '逸脱度', 'スコア': 9, '確信度': 0.8371755855843853}]",評価中,,,2025-12-11T17:25:41.955759,9,0.8371755855843853,9,0.5212167622865347,3,0.8605496297114822,9,0.40855624035754434
